Time,SecL,RPM,MAP,MAPxRPM,TPS,AFR,Lambda,IAT,CLT,Engine,DFCO,Gego,Gair,Gbattery,Gwarm,Gbaro,Gammae,Accel Enrich,VE (Current,VE1,VE2,PW,PW2,PW3,PW4,AFR Target,Lambda Target,Duty Cycle,Duty Cycle (Staging,TPS DOT,Advance (Current,Dwell,Dwell (Measured,Battery V,rpm/s,Boost PSI,Boost cut,Hard Launch,Hard Limiter,Idle Control,IAC value,Baro Pressure,Fan,Sync Loss #,Loops/s,Loops/rev,Aux0,Aux1,Aux2,Aux3,Aux4,Aux5,Aux6,Aux7,Aux8,Aux9,Aux10,Aux11,Aux12,Aux13,Aux14,Aux15,Advance 1,Advance 2,FuelLoad,IgnitionLoad,Sync status,Engine Prot. RPM,Engine Prot. CLT,Trip Meter Miles,Odometer Miles,Vehicle Speed,Power,Torque
15.731,42,253,86,21758.0,0.0,5.000,0.556,37.0,33.0,10,0.0,100,100,100.0,126,100,158,100,42,42,0,4.975,4.975,0.000,0.000,5.000,0.556,1.0,0.0,0,5,4.500,4.500,13.1,0,-2.0,0.0,0.0,0.0,0.0,0.0,100,0.0,0.0,8703,2063.95,0.0,0.0,0.0,0.0,0.0,0.0,0.0,0.0,0.0,0.0,0.0,0.0,0.0,0.0,0.0,0.0,5,0,86.0,86.0,1.0,Off,Off,0.00,0.00,0.00,0.0,0.0
15.797,42,204,92,18768.0,0.0,5.000,0.556,37.0,33.0,10,0.0,100,100,100.0,126,100,158,100,50,50,0,6.054,6.054,0.000,0.000,5.000,0.556,1.0,0.0,0,5,4.500,4.510,13.1,1810,-1.2,0.0,0.0,0.0,0.0,0.0,100,0.0,0.0,8703,2559.71,0.0,0.0,0.0,0.0,0.0,0.0,0.0,0.0,0.0,0.0,0.0,0.0,0.0,0.0,0.0,0.0,5,0,92.0,92.0,1.0,Off,Off,0.00,0.00,0.00,0.0,0.0
15.861,42,233,87,20271.0,0.0,5.000,0.556,37.0,33.0,10,0.0,100,100,100.0,126,100,158,100,44,44,0,5.159,5.159,0.000,0.000,5.000,0.556,1.0,0.0,0,5,4.500,4.510,13.1,520,-1.9,0.0,0.0,0.0,0.0,0.0,100,0.0,0.0,8703,2241.12,0.0,0.0,0.0,0.0,0.0,0.0,0.0,0.0,0.0,0.0,0.0,0.0,0.0,0.0,0.0,0.0,5,0,87.0,87.0,1.0,Off,Off,0.00,0.00,0.00,0.0,0.0
15.926,42,196,92,18032.0,0.0,5.000,0.556,37.0,33.0,10,0.0,100,100,100.0,126,100,158,100,50,50,0,6.054,6.054,0.000,0.000,5.000,0.556,1.0,0.0,0,5,4.500,4.511,13.1,520,-1.2,0.0,0.0,0.0,0.0,0.0,100,0.0,0.0,8703,2664.18,0.0,0.0,0.0,0.0,0.0,0.0,0.0,0.0,0.0,0.0,0.0,0.0,0.0,0.0,0.0,0.0,5,0,92.0,92.0,1.0,Off,Off,0.00,0.00,0.00,0.0,0.0
15.996,42,240,89,21360.0,0.0,5.000,0.556,37.0,33.0,10,0.0,100,100,100.0,126,100,158,100,48,48,0,5.653,5.653,0.000,0.000,5.000,0.556,1.1,0.0,0,5,4.500,4.511,13.0,70,-1.6,0.0,0.0,0.0,0.0,0.0,100,0.0,0.0,8703,2175.75,0.0,0.0,0.0,0.0,0.0,0.0,0.0,0.0,0.0,0.0,0.0,0.0,0.0,0.0,0.0,0.0,5,0,89.0,89.0,1.0,Off,Off,0.00,0.00,0.00,0.0,0.0
16.064,42,174,92,16008.0,0.0,5.000,0.556,37.0,33.0,10,0.0,100,100,100.0,126,100,158,100,50,50,0,6.054,6.054,0.000,0.000,5.000,0.556,0.9,0.0,0,5,4.500,4.511,13.0,-660,-1.2,0.0,0.0,0.0,0.0,0.0,100,0.0,0.0,8703,3001.03,0.0,0.0,0.0,0.0,0.0,0.0,0.0,0.0,0.0,0.0,0.0,0.0,0.0,0.0,0.0,0.0,5,0,92.0,92.0,1.0,Off,Off,0.00,0.00,0.00,0.0,0.0
16.132,42,270,89,24030.0,0.0,5.000,0.556,37.0,33.0,10,0.0,100,100,100.0,126,100,158,100,48,48,0,5.653,5.653,0.000,0.000,5.000,0.556,1.3,0.0,0,5,4.500,4.511,13.0,-660,-1.6,0.0,0.0,0.0,0.0,0.0,100,0.0,0.0,8703,1934.0,0.0,0.0,0.0,0.0,0.0,0.0,0.0,0.0,0.0,0.0,0.0,0.0,0.0,0.0,0.0,0.0,5,0,89.0,89.0,1.0,Off,Off,0.00,0.00,0.00,0.0,0.0
16.199,42,190,103,19570.0,0.0,5.000,0.556,37.0,33.0,10,0.0,100,100,100.0,126,100,158,100,51,51,0,6.742,6.742,0.000,0.000,5.000,0.556,1.1,0.0,0,5,4.500,4.511,13.0,60,0.4,0.0,0.0,0.0,0.0,0.0,100,0.0,0.0,8703,2748.32,0.0,0.0,0.0,0.0,0.0,0.0,0.0,0.0,0.0,0.0,0.0,0.0,0.0,0.0,0.0,0.0,5,0,103.0,103.0,1.0,Off,Off,0.00,0.00,0.00,0.0,0.0
16.263,42,305,91,27755.0,0.0,5.000,0.556,37.0,33.0,10,0.0,100,100,100.0,126,100,158,100,50,50,0,5.969,5.969,0.000,0.000,5.000,0.556,1.5,0.0,0,5,4.500,4.515,12.9,60,-1.3,0.0,0.0,0.0,0.0,0.0,100,0.0,0.0,8703,1712.07,0.0,0.0,0.0,0.0,0.0,0.0,0.0,0.0,0.0,0.0,0.0,0.0,0.0,0.0,0.0,0.0,5,0,91.0,91.0,1.0,Off,Off,0.00,0.00,0.00,0.0,0.0
16.263,42,201,91,18291.0,0.0,5.000,0.556,37.0,33.0,10,0.0,100,100,100.0,126,100,158,100,50,50,0,5.969,5.969,0.000,0.000,5.000,0.556,1.0,0.0,0,5,4.500,4.515,12.9,1250,-1.3,0.0,0.0,0.0,0.0,0.0,100,0.0,0.0,8703,2597.91,0.0,0.0,0.0,0.0,0.0,0.0,0.0,0.0,0.0,0.0,0.0,0.0,0.0,0.0,0.0,0.0,5,0,91.0,91.0,1.0,Off,Off,0.00,0.00,0.00,0.0,0.0
16.396,42,213,88,18744.0,0.0,5.000,0.556,37.0,33.0,10,0.0,100,100,100.0,126,100,158,100,46,46,0,5.461,5.461,0.000,0.000,5.000,0.556,1.0,0.0,0,5,4.500,4.515,12.9,-1030,-1.7,0.0,0.0,0.0,0.0,0.0,100,0.0,0.0,8703,2451.55,0.0,0.0,0.0,0.0,0.0,0.0,0.0,0.0,0.0,0.0,0.0,0.0,0.0,0.0,0.0,0.0,5,0,88.0,88.0,1.0,Off,Off,0.00,0.00,0.00,0.0,0.0
16.459,42,189,87,16443.0,0.0,5.000,0.556,37.0,33.0,10,0.0,100,100,100.0,126,100,158,100,44,44,0,5.159,5.159,0.000,0.000,5.000,0.556,0.8,0.0,0,5,4.500,4.515,12.9,-1030,-1.9,0.0,0.0,0.0,0.0,0.0,100,0.0,0.0,8703,2762.86,0.0,0.0,0.0,0.0,0.0,0.0,0.0,0.0,0.0,0.0,0.0,0.0,0.0,0.0,0.0,0.0,5,0,87.0,87.0,1.0,Off,Off,0.00,0.00,0.00,0.0,0.0
16.525,43,230,91,20930.0,0.0,5.000,0.556,37.0,33.0,10,0.0,100,100,100.0,126,100,158,100,50,50,0,5.969,5.969,0.000,0.000,5.000,0.556,1.1,0.0,0,5,4.500,4.512,12.7,-210,-1.3,0.0,0.0,0.0,0.0,0.0,100,0.0,0.0,3266,852.0,0.0,0.0,0.0,0.0,0.0,0.0,0.0,0.0,0.0,0.0,0.0,0.0,0.0,0.0,0.0,0.0,5,0,91.0,91.0,1.0,Off,Off,0.00,0.00,0.00,0.0,0.0
16.590,43,203,86,17458.0,0.0,9.700,1.078,37.0,33.0,10,0.0,100,100,100.0,126,100,158,100,42,42,0,4.975,4.975,0.000,0.000,9.700,1.078,0.8,0.0,0,5,4.500,4.512,12.7,60,-2.0,0.0,0.0,0.0,0.0,0.0,100,0.0,0.0,3266,965.32,0.0,0.0,0.0,0.0,0.0,0.0,0.0,0.0,0.0,0.0,0.0,0.0,0.0,0.0,0.0,0.0,5,0,86.0,86.0,1.0,Off,Off,0.00,0.00,0.00,0.0,0.0
16.657,43,235,92,21620.0,0.0,11.000,1.222,37.0,33.0,10,0.0,100,100,100.0,126,100,158,100,50,50,0,6.054,6.054,0.000,0.000,11.000,1.222,1.2,0.0,0,5,4.500,4.512,12.7,60,-1.2,0.0,0.0,0.0,0.0,0.0,100,0.0,0.0,3266,833.87,0.0,0.0,0.0,0.0,0.0,0.0,0.0,0.0,0.0,0.0,0.0,0.0,0.0,0.0,0.0,0.0,5,0,92.0,92.0,1.0,Off,Off,0.00,0.00,0.00,0.0,0.0
16.724,43,199,85,16915.0,0.0,11.300,1.256,37.0,33.0,10,0.0,100,100,100.0,126,100,158,100,41,41,0,4.792,4.792,0.000,0.000,11.300,1.256,0.8,0.0,0,5,4.500,4.512,12.7,840,-2.2,0.0,0.0,0.0,0.0,0.0,100,0.0,0.0,3266,984.72,0.0,0.0,0.0,0.0,0.0,0.0,0.0,0.0,0.0,0.0,0.0,0.0,0.0,0.0,0.0,0.0,5,0,85.0,85.0,1.0,Off,Off,0.00,0.00,0.00,0.0,0.0
16.793,43,243,92,22356.0,0.0,11.400,1.267,37.0,33.0,10,0.0,100,100,100.0,126,100,158,100,50,50,0,6.054,6.054,0.000,0.000,11.400,1.267,1.2,0.0,0,5,4.500,4.512,12.7,-430,-1.2,0.0,0.0,0.0,0.0,0.0,100,0.0,0.0,3266,806.42,0.0,0.0,0.0,0.0,0.0,0.0,0.0,0.0,0.0,0.0,0.0,0.0,0.0,0.0,0.0,0.0,5,0,92.0,92.0,1.0,Off,Off,0.00,0.00,0.00,0.0,0.0
16.863,43,221,112,24752.0,0.0,11.400,1.267,37.0,33.0,10,0.0,100,100,100.0,126,100,158,100,51,51,0,7.220,7.220,0.000,0.000,11.400,1.267,1.3,0.0,0,5,4.500,4.512,12.7,-430,1.7,0.0,0.0,0.0,0.0,0.0,100,0.0,0.0,3266,886.7,0.0,0.0,0.0,0.0,0.0,0.0,0.0,0.0,0.0,0.0,0.0,0.0,0.0,0.0,0.0,0.0,5,0,112.0,112.0,1.0,Off,Off,0.00,0.00,0.00,0.0,0.0
16.930,43,246,95,23370.0,0.0,11.400,1.267,37.0,33.0,10,0.0,100,100,100.0,126,100,158,100,50,50,0,6.226,6.226,0.000,0.000,11.400,1.267,1.3,0.0,0,5,4.500,4.512,12.7,-310,-0.7,0.0,0.0,0.0,0.0,0.0,100,0.0,0.0,3266,796.59,0.0,0.0,0.0,0.0,0.0,0.0,0.0,0.0,0.0,0.0,0.0,0.0,0.0,0.0,0.0,0.0,5,0,95.0,95.0,1.0,Off,Off,0.00,0.00,0.00,0.0,0.0
16.998,43,191,87,16617.0,0.0,11.400,1.267,37.0,33.0,10,0.0,100,100,100.0,126,100,158,100,44,44,0,5.159,5.159,0.000,0.000,11.400,1.267,0.8,0.0,0,5,4.500,4.512,12.7,-310,-1.9,0.0,0.0,0.0,0.0,0.0,100,0.0,0.0,3266,1025.97,0.0,0.0,0.0,0.0,0.0,0.0,0.0,0.0,0.0,0.0,0.0,0.0,0.0,0.0,0.0,0.0,5,0,87.0,87.0,1.0,Off,Off,0.00,0.00,0.00,0.0,0.0
17.064,43,213,91,19383.0,0.0,11.400,1.267,37.0,33.0,10,0.0,100,100,100.0,126,100,158,100,50,50,0,5.969,5.969,0.000,0.000,11.400,1.267,1.1,0.0,0,5,4.500,4.529,12.9,-60,-1.3,0.0,0.0,0.0,0.0,0.0,100,0.0,0.0,3266,920.0,0.0,0.0,0.0,0.0,0.0,0.0,0.0,0.0,0.0,0.0,0.0,0.0,0.0,0.0,0.0,0.0,5,0,91.0,91.0,1.0,Off,Off,0.00,0.00,0.00,0.0,0.0
17.132,43,194,85,16490.0,0.0,11.400,1.267,37.0,33.0,10,0.0,100,100,100.0,126,100,158,100,41,41,0,4.792,4.792,0.000,0.000,11.400,1.267,0.8,0.0,0,5,4.500,4.529,12.9,250,-2.2,0.0,0.0,0.0,0.0,0.0,100,0.0,0.0,3266,1010.1,0.0,0.0,0.0,0.0,0.0,0.0,0.0,0.0,0.0,0.0,0.0,0.0,0.0,0.0,0.0,0.0,5,0,85.0,85.0,1.0,Off,Off,0.00,0.00,0.00,0.0,0.0
17.199,43,180,90,16200.0,0.0,11.400,1.267,37.0,33.0,10,0.0,100,100,100.0,126,100,158,100,50,50,0,5.926,5.926,0.000,0.000,11.400,1.267,0.9,0.0,0,5,4.500,4.513,12.9,250,-1.5,0.0,0.0,0.0,0.0,0.0,100,0.0,0.0,3266,1088.67,0.0,0.0,0.0,0.0,0.0,0.0,0.0,0.0,0.0,0.0,0.0,0.0,0.0,0.0,0.0,0.0,5,0,90.0,90.0,1.0,Off,Off,0.00,0.00,0.00,0.0,0.0
17.266,43,235,85,19975.0,0.0,11.400,1.267,37.0,33.0,10,0.0,100,100,100.0,126,100,158,100,41,41,0,4.792,4.792,0.000,0.000,11.400,1.267,0.9,0.0,0,5,4.500,4.513,12.9,-100,-2.2,0.0,0.0,0.0,0.0,0.0,100,0.0,0.0,3266,833.87,0.0,0.0,0.0,0.0,0.0,0.0,0.0,0.0,0.0,0.0,0.0,0.0,0.0,0.0,0.0,0.0,5,0,85.0,85.0,1.0,Off,Off,0.00,0.00,0.00,0.0,0.0
17.333,43,174,90,15660.0,0.0,11.400,1.267,37.0,33.0,10,0.0,100,100,100.0,126,100,158,100,50,50,0,5.926,5.926,0.000,0.000,11.400,1.267,0.9,0.0,0,5,4.500,4.512,12.9,-150,-1.5,0.0,0.0,0.0,0.0,0.0,100,0.0,0.0,3266,1126.21,0.0,0.0,0.0,0.0,0.0,0.0,0.0,0.0,0.0,0.0,0.0,0.0,0.0,0.0,0.0,0.0,5,0,90.0,90.0,1.0,Off,Off,0.00,0.00,0.00,0.0,0.0
17.397,43,293,86,25198.0,0.0,11.400,1.267,37.0,33.0,10,0.0,100,100,100.0,126,100,158,100,42,42,0,4.975,4.975,0.000,0.000,11.400,1.267,1.2,0.0,0,5,4.500,4.512,12.9,-150,-2.0,0.0,0.0,0.0,0.0,0.0,100,0.0,0.0,3266,668.81,0.0,0.0,0.0,0.0,0.0,0.0,0.0,0.0,0.0,0.0,0.0,0.0,0.0,0.0,0.0,0.0,5,0,86.0,86.0,1.0,Off,Off,0.00,0.00,0.00,0.0,0.0
17.462,43,195,91,17745.0,1.0,11.400,1.267,37.0,33.0,10,0.0,100,100,100.0,126,100,158,100,50,50,0,5.969,5.969,0.000,0.000,11.400,1.267,1.0,0.0,0,5,4.500,4.561,12.9,290,-1.3,0.0,0.0,0.0,0.0,0.0,100,0.0,0.0,3266,1004.92,0.0,0.0,0.0,0.0,0.0,0.0,0.0,0.0,0.0,0.0,0.0,0.0,0.0,0.0,0.0,0.0,5,0,91.0,91.0,1.0,Off,Off,0.00,0.00,0.00,0.0,0.0
17.529,44,245,93,22785.0,10.5,11.400,1.267,37.0,33.0,26,0.0,100,100,100.0,126,100,158,138,50,50,0,8.738,8.738,0.000,0.000,11.400,1.267,1.8,0.0,150,5,4.500,4.561,12.9,380,-1.0,0.0,0.0,0.0,0.0,0.0,100,0.0,0.0,1241,303.92,0.0,0.0,0.0,0.0,0.0,0.0,0.0,0.0,0.0,0.0,0.0,0.0,0.0,0.0,0.0,0.0,5,0,93.0,93.0,1.0,Off,Off,0.00,0.00,0.00,0.0,0.0
17.597,44,194,100,19400.0,21.0,11.400,1.267,37.0,33.0,26,0.0,100,100,100.0,126,100,158,140,51,51,0,9.419,9.419,0.000,0.000,11.400,1.267,1.5,0.0,165,5,4.500,4.517,12.9,380,0.0,0.0,0.0,0.0,0.0,0.0,100,0.0,0.0,1241,383.81,0.0,0.0,0.0,0.0,0.0,0.0,0.0,0.0,0.0,0.0,0.0,0.0,0.0,0.0,0.0,0.0,5,0,100.0,100.0,1.0,Off,Off,0.00,0.00,0.00,0.0,0.0
17.665,44,229,97,22213.0,31.0,11.400,1.267,37.0,33.0,26,0.0,100,100,100.0,126,100,158,140,51,51,0,9.244,9.244,0.000,0.000,11.400,1.267,1.8,0.0,135,5,4.500,4.517,12.9,-400,-0.4,0.0,0.0,0.0,0.0,0.0,100,0.0,0.0,1241,325.15,0.0,0.0,0.0,0.0,0.0,0.0,0.0,0.0,0.0,0.0,0.0,0.0,0.0,0.0,0.0,0.0,5,0,97.0,97.0,1.0,Off,Off,0.00,0.00,0.00,0.0,0.0
17.729,44,171,99,16929.0,39.5,11.400,1.267,37.0,33.0,26,0.0,100,100,100.0,126,100,158,140,51,51,0,9.375,9.375,0.000,0.000,11.400,1.267,1.3,0.0,135,5,4.500,4.517,12.9,-220,-0.1,0.0,0.0,0.0,0.0,0.0,100,0.0,0.0,1241,435.44,0.0,0.0,0.0,0.0,0.0,0.0,0.0,0.0,0.0,0.0,0.0,0.0,0.0,0.0,0.0,0.0,5,0,99.0,99.0,1.0,Off,Off,0.00,0.00,0.00,0.0,0.0
17.796,44,333,97,32301.0,43.0,11.400,1.267,37.0,33.0,26,0.0,100,100,100.0,126,100,158,140,51,51,0,9.244,9.244,0.000,0.000,11.400,1.267,2.6,0.0,45,5,4.500,4.516,12.8,-220,-0.4,0.0,0.0,0.0,0.0,0.0,100,0.0,0.0,1241,223.6,0.0,0.0,0.0,0.0,0.0,0.0,0.0,0.0,0.0,0.0,0.0,0.0,0.0,0.0,0.0,0.0,5,0,97.0,97.0,1.0,Off,Off,0.00,0.00,0.00,0.0,0.0
17.864,44,172,100,17200.0,43.0,11.400,1.267,37.0,33.0,26,0.0,100,100,100.0,126,100,158,140,51,51,0,9.419,9.419,0.000,0.000,11.400,1.267,1.4,0.0,0,5,4.500,4.512,12.8,740,0.0,0.0,0.0,0.0,0.0,0.0,100,0.0,0.0,1241,432.91,0.0,0.0,0.0,0.0,0.0,0.0,0.0,0.0,0.0,0.0,0.0,0.0,0.0,0.0,0.0,0.0,5,0,100.0,100.0,1.0,Off,Off,0.00,0.00,0.00,0.0,0.0
17.932,44,300,96,28800.0,29.0,11.400,1.267,37.0,33.0,42,0.0,100,100,100.0,126,100,158,100,51,51,0,6.351,6.351,0.000,0.000,11.400,1.267,1.6,0.0,-300,5,4.500,4.512,12.8,740,-0.6,0.0,0.0,0.0,0.0,0.0,100,0.0,0.0,1241,248.2,0.0,0.0,0.0,0.0,0.0,0.0,0.0,0.0,0.0,0.0,0.0,0.0,0.0,0.0,0.0,0.0,5,0,96.0,96.0,1.0,Off,Off,0.00,0.00,0.00,0.0,0.0
18.000,44,191,99,18909.0,9.0,11.400,1.267,37.0,33.0,42,0.0,100,100,100.0,126,100,158,100,51,51,0,6.525,6.525,0.000,0.000,11.400,1.267,1.0,0.0,-210,5,4.500,4.512,12.8,300,-0.1,0.0,0.0,0.0,0.0,0.0,100,0.0,0.0,1241,389.84,0.0,0.0,0.0,0.0,0.0,0.0,0.0,0.0,0.0,0.0,0.0,0.0,0.0,0.0,0.0,0.0,5,0,99.0,99.0,1.0,Off,Off,0.00,0.00,0.00,0.0,0.0
18.063,44,237,102,24174.0,11.0,11.400,1.267,37.0,33.0,42,0.0,100,100,100.0,126,100,158,100,51,51,0,6.698,6.698,0.000,0.000,11.400,1.267,1.3,0.0,120,5,4.500,4.512,12.9,-380,0.3,0.0,0.0,0.0,0.0,0.0,100,0.0,0.0,1241,314.18,0.0,0.0,0.0,0.0,0.0,0.0,0.0,0.0,0.0,0.0,0.0,0.0,0.0,0.0,0.0,0.0,5,0,102.0,102.0,1.0,Off,Off,0.00,0.00,0.00,0.0,0.0
18.126,44,181,99,17919.0,26.5,11.400,1.267,37.0,33.0,26,0.0,100,100,100.0,126,100,158,160,51,51,0,10.765,10.765,0.000,0.000,11.400,1.267,1.6,0.0,255,5,4.500,4.512,12.9,-380,-0.1,0.0,0.0,0.0,0.0,0.0,100,0.0,0.0,1241,411.38,0.0,0.0,0.0,0.0,0.0,0.0,0.0,0.0,0.0,0.0,0.0,0.0,0.0,0.0,0.0,0.0,5,0,99.0,99.0,1.0,Off,Off,0.00,0.00,0.00,0.0,0.0
18.196,44,255,97,24735.0,35.0,11.400,1.267,37.0,33.0,26,0.0,100,100,100.0,126,100,158,160,51,51,0,10.634,10.634,0.000,0.000,11.400,1.267,2.3,0.0,60,5,4.500,4.512,12.9,-530,-0.4,0.0,0.0,0.0,0.0,0.0,100,0.0,0.0,1241,292.0,0.0,0.0,0.0,0.0,0.0,0.0,0.0,0.0,0.0,0.0,0.0,0.0,0.0,0.0,0.0,0.0,5,0,97.0,97.0,1.0,Off,Off,0.00,0.00,0.00,0.0,0.0
18.262,44,189,100,18900.0,38.0,11.400,1.267,37.0,33.0,26,0.0,100,100,100.0,126,100,158,160,51,51,0,10.809,10.809,0.000,0.000,11.400,1.267,1.7,0.0,15,5,4.500,4.512,12.9,-40,0.0,0.0,0.0,0.0,0.0,0.0,100,0.0,0.0,1241,393.97,0.0,0.0,0.0,0.0,0.0,0.0,0.0,0.0,0.0,0.0,0.0,0.0,0.0,0.0,0.0,0.0,5,0,100.0,100.0,1.0,Off,Off,0.00,0.00,0.00,0.0,0.0
18.330,44,219,98,21462.0,36.0,11.400,1.267,37.0,33.0,26,0.0,100,100,100.0,126,100,158,160,51,51,0,10.678,10.678,0.000,0.000,11.400,1.267,1.9,0.0,-60,5,4.500,4.512,12.9,-40,-0.3,0.0,0.0,0.0,0.0,0.0,100,0.0,0.0,1241,340.0,0.0,0.0,0.0,0.0,0.0,0.0,0.0,0.0,0.0,0.0,0.0,0.0,0.0,0.0,0.0,0.0,5,0,98.0,98.0,1.0,Off,Off,0.00,0.00,0.00,0.0,0.0
18.398,44,176,99,17424.0,26.5,11.400,1.267,37.0,33.0,42,0.0,100,100,100.0,126,100,158,100,51,51,0,6.525,6.525,0.000,0.000,11.400,1.267,1.0,0.0,-285,5,4.500,4.512,12.9,-180,-0.1,0.0,0.0,0.0,0.0,0.0,100,0.0,0.0,1241,423.07,0.0,0.0,0.0,0.0,0.0,0.0,0.0,0.0,0.0,0.0,0.0,0.0,0.0,0.0,0.0,0.0,5,0,99.0,99.0,1.0,Off,Off,0.00,0.00,0.00,0.0,0.0
18.464,44,291,97,28227.0,12.5,11.400,1.267,37.0,33.0,42,0.0,100,100,100.0,126,100,158,100,51,51,0,6.394,6.394,0.000,0.000,11.400,1.267,1.6,0.0,-105,5,4.500,4.512,12.9,940,-0.4,0.0,0.0,0.0,0.0,0.0,100,0.0,0.0,1241,255.88,0.0,0.0,0.0,0.0,0.0,0.0,0.0,0.0,0.0,0.0,0.0,0.0,0.0,0.0,0.0,0.0,5,0,97.0,97.0,1.0,Off,Off,0.00,0.00,0.00,0.0,0.0
18.529,44,197,97,19109.0,13.0,11.400,1.267,37.0,33.0,42,0.0,100,100,100.0,126,100,158,100,51,51,0,6.394,6.394,0.000,0.000,11.400,1.267,1.0,0.0,30,5,4.500,4.512,12.9,940,-0.4,0.0,0.0,0.0,0.0,0.0,100,0.0,0.0,1241,377.97,0.0,0.0,0.0,0.0,0.0,0.0,0.0,0.0,0.0,0.0,0.0,0.0,0.0,0.0,0.0,0.0,5,0,97.0,97.0,1.0,Off,Off,0.00,0.00,0.00,0.0,0.0
18.594,45,262,99,25938.0,34.0,11.400,1.267,37.0,33.0,26,0.0,100,100,100.0,126,100,158,174,51,51,0,11.668,11.668,0.000,0.000,11.400,1.267,2.5,0.0,435,5,4.500,4.515,12.8,-910,-0.1,0.0,0.0,0.0,0.0,0.0,100,0.0,0.0,1194,273.44,0.0,0.0,0.0,0.0,0.0,0.0,0.0,0.0,0.0,0.0,0.0,0.0,0.0,0.0,0.0,0.0,5,0,99.0,99.0,1.0,Off,Off,0.00,0.00,0.00,0.0,0.0
18.664,45,190,100,19000.0,56.5,11.400,1.267,37.0,33.0,26,0.0,100,100,100.0,126,100,158,160,51,51,0,10.809,10.809,0.000,0.000,11.400,1.267,1.7,0.0,255,5,4.500,4.515,12.8,0,0.0,0.0,0.0,0.0,0.0,0.0,100,0.0,0.0,1194,377.05,0.0,0.0,0.0,0.0,0.0,0.0,0.0,0.0,0.0,0.0,0.0,0.0,0.0,0.0,0.0,0.0,5,0,100.0,100.0,1.0,Off,Off,0.00,0.00,0.00,0.0,0.0
18.728,45,246,99,24354.0,63.5,11.400,1.267,37.0,33.0,26,0.0,100,100,100.0,126,100,158,160,51,51,0,10.765,10.765,0.000,0.000,11.400,1.267,2.2,0.0,60,5,4.500,4.515,12.8,0,-0.1,0.0,0.0,0.0,0.0,0.0,100,0.0,0.0,1194,291.22,0.0,0.0,0.0,0.0,0.0,0.0,0.0,0.0,0.0,0.0,0.0,0.0,0.0,0.0,0.0,0.0,5,0,99.0,99.0,1.0,Off,Off,0.00,0.00,0.00,0.0,0.0
18.796,45,180,100,18000.0,65.5,11.400,1.267,37.0,33.0,26,0.0,100,100,100.0,126,100,158,160,51,51,0,10.809,10.809,0.000,0.000,11.400,1.267,1.6,0.0,0,5,4.500,4.515,12.8,590,0.0,0.0,0.0,0.0,0.0,0.0,100,0.0,0.0,1194,398.0,0.0,0.0,0.0,0.0,0.0,0.0,0.0,0.0,0.0,0.0,0.0,0.0,0.0,0.0,0.0,0.0,5,0,100.0,100.0,1.0,Off,Off,0.00,0.00,0.00,0.0,0.0
18.864,45,245,100,24500.0,66.5,11.400,1.267,37.0,33.0,26,0.0,100,100,100.0,126,100,158,160,51,51,0,10.809,10.809,0.000,0.000,11.400,1.267,2.2,0.0,0,5,4.500,4.515,12.7,590,0.0,0.0,0.0,0.0,0.0,0.0,100,0.0,0.0,1194,292.41,0.0,0.0,0.0,0.0,0.0,0.0,0.0,0.0,0.0,0.0,0.0,0.0,0.0,0.0,0.0,0.0,5,0,100.0,100.0,1.0,Off,Off,0.00,0.00,0.00,0.0,0.0
18.928,45,207,100,20700.0,66.5,11.400,1.267,37.0,33.0,26,0.0,100,100,100.0,126,100,158,160,51,51,0,10.809,10.809,0.000,0.000,11.400,1.267,1.9,0.0,0,5,4.500,4.515,12.7,220,0.0,0.0,0.0,0.0,0.0,0.0,100,0.0,0.0,1194,346.09,0.0,0.0,0.0,0.0,0.0,0.0,0.0,0.0,0.0,0.0,0.0,0.0,0.0,0.0,0.0,0.0,5,0,100.0,100.0,1.0,Off,Off,0.00,0.00,0.00,0.0,0.0
18.996,45,269,100,26900.0,70.0,11.400,1.267,37.0,33.0,26,0.0,100,100,100.0,126,100,158,160,51,51,0,10.809,10.809,0.000,0.000,11.400,1.267,2.4,0.0,105,5,4.500,4.512,12.7,-850,0.0,0.0,0.0,0.0,0.0,0.0,100,0.0,0.0,1194,266.32,0.0,0.0,0.0,0.0,0.0,0.0,0.0,0.0,0.0,0.0,0.0,0.0,0.0,0.0,0.0,0.0,5,0,100.0,100.0,1.0,Off,Off,0.00,0.00,0.00,0.0,0.0
19.064,45,174,100,17400.0,77.0,11.400,1.267,37.0,33.0,26,0.0,100,100,100.0,126,100,158,160,51,51,0,10.809,10.809,0.000,0.000,11.400,1.267,1.6,0.0,90,5,4.500,4.512,12.7,-850,0.0,0.0,0.0,0.0,0.0,0.0,100,0.0,0.0,1194,411.72,0.0,0.0,0.0,0.0,0.0,0.0,0.0,0.0,0.0,0.0,0.0,0.0,0.0,0.0,0.0,0.0,5,0,100.0,100.0,1.0,Off,Off,0.00,0.00,0.00,0.0,0.0
19.131,45,255,100,25500.0,82.0,11.400,1.267,37.0,33.0,26,0.0,100,100,100.0,126,100,0,120,51,51,0,0.000,0.000,0.000,0.000,11.400,1.267,0.0,0.0,90,5,4.500,4.512,12.7,330,0.0,0.0,0.0,0.0,0.0,0.0,100,0.0,0.0,1194,280.94,0.0,0.0,0.0,0.0,0.0,0.0,0.0,0.0,0.0,0.0,0.0,0.0,0.0,0.0,0.0,0.0,5,0,100.0,100.0,1.0,Off,Off,0.00,0.00,0.00,0.0,0.0
19.198,45,220,100,22000.0,92.5,11.400,1.267,37.0,33.0,26,0.0,100,100,100.0,126,100,0,140,51,51,0,0.000,0.000,0.000,0.000,11.400,1.267,0.0,0.0,150,5,4.500,4.512,12.7,-50,0.0,0.0,0.0,0.0,0.0,0.0,100,0.0,0.0,1194,325.64,0.0,0.0,0.0,0.0,0.0,0.0,0.0,0.0,0.0,0.0,0.0,0.0,0.0,0.0,0.0,0.0,5,0,100.0,100.0,1.0,Off,Off,0.00,0.00,0.00,0.0,0.0
19.265,45,229,100,22900.0,98.5,11.400,1.267,37.0,33.0,26,0.0,100,100,100.0,126,100,0,140,51,51,0,0.000,0.000,0.000,0.000,11.400,1.267,0.0,0.0,45,5,4.500,4.512,12.7,-50,0.0,0.0,0.0,0.0,0.0,0.0,100,0.0,0.0,1194,312.84,0.0,0.0,0.0,0.0,0.0,0.0,0.0,0.0,0.0,0.0,0.0,0.0,0.0,0.0,0.0,0.0,5,0,100.0,100.0,1.0,Off,Off,0.00,0.00,0.00,0.0,0.0
19.331,45,184,100,18400.0,99.0,11.400,1.267,37.0,33.0,26,0.0,100,100,100.0,126,100,0,140,51,51,0,0.000,0.000,0.000,0.000,11.400,1.267,0.0,0.0,15,5,4.500,4.512,12.7,360,0.0,0.0,0.0,0.0,0.0,0.0,100,0.0,0.0,1194,389.35,0.0,0.0,0.0,0.0,0.0,0.0,0.0,0.0,0.0,0.0,0.0,0.0,0.0,0.0,0.0,0.0,5,0,100.0,100.0,1.0,Off,Off,0.00,0.00,0.00,0.0,0.0
19.394,45,193,100,19300.0,99.0,11.400,1.267,37.0,33.0,26,0.0,100,100,100.0,126,100,0,140,51,51,0,0.000,0.000,0.000,0.000,11.400,1.267,0.0,0.0,0,5,4.500,4.512,12.7,-680,0.0,0.0,0.0,0.0,0.0,0.0,100,0.0,0.0,1194,371.19,0.0,0.0,0.0,0.0,0.0,0.0,0.0,0.0,0.0,0.0,0.0,0.0,0.0,0.0,0.0,0.0,5,0,100.0,100.0,1.0,Off,Off,0.00,0.00,0.00,0.0,0.0
19.463,45,242,100,24200.0,99.0,11.400,1.267,37.0,33.0,26,0.0,100,100,100.0,126,100,0,140,51,51,0,0.000,0.000,0.000,0.000,11.400,1.267,0.0,0.0,0,5,4.500,4.512,12.7,-680,0.0,0.0,0.0,0.0,0.0,0.0,100,0.0,0.0,1194,296.03,0.0,0.0,0.0,0.0,0.0,0.0,0.0,0.0,0.0,0.0,0.0,0.0,0.0,0.0,0.0,0.0,5,0,100.0,100.0,1.0,Off,Off,0.00,0.00,0.00,0.0,0.0
19.530,45,196,100,19600.0,99.0,11.400,1.267,37.0,33.0,26,0.0,100,100,100.0,126,100,0,140,51,51,0,0.000,0.000,0.000,0.000,11.400,1.267,0.0,0.0,0,5,4.500,4.515,12.7,350,0.0,0.0,0.0,0.0,0.0,0.0,100,0.0,0.0,1194,365.51,0.0,0.0,0.0,0.0,0.0,0.0,0.0,0.0,0.0,0.0,0.0,0.0,0.0,0.0,0.0,0.0,5,0,100.0,100.0,1.0,Off,Off,0.00,0.00,0.00,0.0,0.0
19.595,46,244,100,24400.0,91.0,11.400,1.267,37.0,33.0,42,0.0,100,100,100.0,126,100,0,100,51,51,0,0.000,0.000,0.000,0.000,11.400,1.267,0.0,0.0,-240,5,4.500,4.515,12.9,270,0.0,0.0,0.0,0.0,0.0,0.0,100,0.0,0.0,1228,301.97,0.0,0.0,0.0,0.0,0.0,0.0,0.0,0.0,0.0,0.0,0.0,0.0,0.0,0.0,0.0,0.0,5,0,100.0,100.0,1.0,Off,Off,0.00,0.00,0.00,0.0,0.0
19.664,46,227,99,22473.0,54.5,11.400,1.267,37.0,33.0,42,0.0,100,100,100.0,126,100,158,100,51,51,0,6.525,6.525,0.000,0.000,11.400,1.267,1.2,0.0,-615,5,4.500,4.512,12.9,270,-0.1,0.0,0.0,0.0,0.0,0.0,100,0.0,0.0,1228,324.58,0.0,0.0,0.0,0.0,0.0,0.0,0.0,0.0,0.0,0.0,0.0,0.0,0.0,0.0,0.0,0.0,5,0,99.0,99.0,1.0,Off,Off,0.00,0.00,0.00,0.0,0.0
19.732,46,201,96,19296.0,21.0,11.400,1.267,37.0,33.0,42,0.0,100,100,100.0,126,100,158,100,51,51,0,6.351,6.351,0.000,0.000,11.400,1.267,1.1,0.0,-390,5,4.500,4.512,12.9,160,-0.6,0.0,0.0,0.0,0.0,0.0,100,0.0,0.0,1228,366.57,0.0,0.0,0.0,0.0,0.0,0.0,0.0,0.0,0.0,0.0,0.0,0.0,0.0,0.0,0.0,0.0,5,0,96.0,96.0,1.0,Off,Off,0.00,0.00,0.00,0.0,0.0
19.798,46,205,100,20500.0,7.5,11.400,1.267,37.0,33.0,42,0.0,100,100,100.0,126,100,158,100,51,51,0,6.569,6.569,0.000,0.000,11.400,1.267,1.1,0.0,-165,5,4.500,4.512,12.9,160,0.0,0.0,0.0,0.0,0.0,0.0,100,0.0,0.0,1228,359.41,0.0,0.0,0.0,0.0,0.0,0.0,0.0,0.0,0.0,0.0,0.0,0.0,0.0,0.0,0.0,0.0,5,0,100.0,100.0,1.0,Off,Off,0.00,0.00,0.00,0.0,0.0
19.864,46,205,92,18860.0,0.0,11.400,1.267,37.0,33.0,42,0.0,100,100,100.0,126,100,158,100,50,50,0,6.054,6.054,0.000,0.000,11.400,1.267,1.0,0.0,-30,5,4.500,4.512,12.9,-420,-1.2,0.0,0.0,0.0,0.0,0.0,100,0.0,0.0,1228,359.41,0.0,0.0,0.0,0.0,0.0,0.0,0.0,0.0,0.0,0.0,0.0,0.0,0.0,0.0,0.0,0.0,5,0,92.0,92.0,1.0,Off,Off,0.00,0.00,0.00,0.0,0.0
19.932,46,178,95,16910.0,0.0,11.400,1.267,37.0,33.0,42,0.0,100,100,100.0,126,100,158,100,50,50,0,6.226,6.226,0.000,0.000,11.400,1.267,0.9,0.0,0,5,4.500,4.512,12.9,-130,-0.7,0.0,0.0,0.0,0.0,0.0,100,0.0,0.0,1228,413.93,0.0,0.0,0.0,0.0,0.0,0.0,0.0,0.0,0.0,0.0,0.0,0.0,0.0,0.0,0.0,0.0,5,0,95.0,95.0,1.0,Off,Off,0.00,0.00,0.00,0.0,0.0
19.994,46,277,129,35733.0,0.0,11.400,1.267,37.0,33.0,42,0.0,100,100,100.0,126,100,158,100,51,51,0,8.178,8.178,0.000,0.000,11.400,1.267,1.9,0.0,0,5,4.500,4.515,12.9,-130,4.2,0.0,0.0,0.0,0.0,0.0,100,0.0,0.0,1228,265.99,0.0,0.0,0.0,0.0,0.0,0.0,0.0,0.0,0.0,0.0,0.0,0.0,0.0,0.0,0.0,0.0,5,0,129.0,129.0,1.0,Off,Off,0.00,0.00,0.00,0.0,0.0
20.063,46,194,104,20176.0,0.0,11.400,1.267,37.0,33.0,42,0.0,100,100,100.0,126,100,158,100,51,51,0,6.785,6.785,0.000,0.000,11.400,1.267,1.1,0.0,0,5,4.500,4.515,12.9,360,0.6,0.0,0.0,0.0,0.0,0.0,100,0.0,0.0,1228,379.79,0.0,0.0,0.0,0.0,0.0,0.0,0.0,0.0,0.0,0.0,0.0,0.0,0.0,0.0,0.0,0.0,5,0,104.0,104.0,1.0,Off,Off,0.00,0.00,0.00,0.0,0.0
20.132,46,273,91,24843.0,3.5,11.400,1.267,37.0,33.0,42,0.0,100,100,100.0,126,100,158,100,50,50,0,5.969,5.969,0.000,0.000,11.400,1.267,1.4,0.0,105,5,4.500,4.512,12.9,720,-1.3,0.0,0.0,0.0,0.0,0.0,100,0.0,0.0,1228,269.89,0.0,0.0,0.0,0.0,0.0,0.0,0.0,0.0,0.0,0.0,0.0,0.0,0.0,0.0,0.0,0.0,5,0,91.0,91.0,1.0,Off,Off,0.00,0.00,0.00,0.0,0.0
20.200,46,214,96,20544.0,6.0,11.400,1.267,37.0,33.0,10,0.0,100,100,100.0,126,100,158,100,51,51,0,6.351,6.351,0.000,0.000,11.400,1.267,1.1,0.0,0,5,4.500,4.519,12.9,720,-0.6,0.0,0.0,0.0,0.0,0.0,100,0.0,0.0,1228,344.3,0.0,0.0,0.0,0.0,0.0,0.0,0.0,0.0,0.0,0.0,0.0,0.0,0.0,0.0,0.0,0.0,5,0,96.0,96.0,1.0,Off,Off,0.00,0.00,0.00,0.0,0.0
20.267,46,196,93,18228.0,6.0,11.400,1.267,37.0,33.0,10,0.0,100,100,100.0,126,100,158,100,50,50,0,6.097,6.097,0.000,0.000,11.400,1.267,1.0,0.0,0,5,4.500,4.519,12.9,-940,-1.0,0.0,0.0,0.0,0.0,0.0,100,0.0,0.0,1228,375.92,0.0,0.0,0.0,0.0,0.0,0.0,0.0,0.0,0.0,0.0,0.0,0.0,0.0,0.0,0.0,0.0,5,0,93.0,93.0,1.0,Off,Off,0.00,0.00,0.00,0.0,0.0
20.333,46,179,99,17721.0,21.5,11.400,1.267,37.0,33.0,26,0.0,100,100,100.0,126,100,158,162,51,51,0,10.904,10.904,0.000,0.000,11.400,1.267,1.6,0.0,285,5,4.500,4.519,12.9,-340,-0.1,0.0,0.0,0.0,0.0,0.0,100,0.0,0.0,1228,411.62,0.0,0.0,0.0,0.0,0.0,0.0,0.0,0.0,0.0,0.0,0.0,0.0,0.0,0.0,0.0,0.0,5,0,99.0,99.0,1.0,Off,Off,0.00,0.00,0.00,0.0,0.0
20.400,46,236,99,23364.0,51.0,11.400,1.267,37.0,33.0,26,0.0,100,100,100.0,126,100,158,174,51,51,0,11.668,11.668,0.000,0.000,11.400,1.267,2.3,0.0,435,5,4.500,4.519,12.9,-340,-0.1,0.0,0.0,0.0,0.0,0.0,100,0.0,0.0,1228,312.2,0.0,0.0,0.0,0.0,0.0,0.0,0.0,0.0,0.0,0.0,0.0,0.0,0.0,0.0,0.0,0.0,5,0,99.0,99.0,1.0,Off,Off,0.00,0.00,0.00,0.0,0.0
20.465,46,178,99,17622.0,59.5,11.400,1.267,37.0,33.0,26,0.0,100,100,100.0,126,100,158,146,51,51,0,9.792,9.792,0.000,0.000,11.400,1.267,1.5,0.0,75,5,4.500,4.519,12.9,60,-0.1,0.0,0.0,0.0,0.0,0.0,100,0.0,0.0,1228,413.93,0.0,0.0,0.0,0.0,0.0,0.0,0.0,0.0,0.0,0.0,0.0,0.0,0.0,0.0,0.0,0.0,5,0,99.0,99.0,1.0,Off,Off,0.00,0.00,0.00,0.0,0.0
20.532,46,308,97,29876.0,44.5,11.400,1.267,37.0,33.0,42,0.0,100,100,100.0,126,100,158,100,51,51,0,6.394,6.394,0.000,0.000,11.400,1.267,1.6,0.0,-315,5,4.500,4.512,12.9,1170,-0.4,0.0,0.0,0.0,0.0,0.0,100,0.0,0.0,1228,239.22,0.0,0.0,0.0,0.0,0.0,0.0,0.0,0.0,0.0,0.0,0.0,0.0,0.0,0.0,0.0,0.0,5,0,97.0,97.0,1.0,Off,Off,0.00,0.00,0.00,0.0,0.0
20.600,46,213,99,21087.0,25.5,11.400,1.267,37.0,33.0,42,0.0,100,100,100.0,126,100,158,100,51,51,0,6.525,6.525,0.000,0.000,11.400,1.267,1.2,0.0,-225,5,4.500,4.512,12.9,1170,-0.1,0.0,0.0,0.0,0.0,0.0,100,0.0,0.0,1228,345.92,0.0,0.0,0.0,0.0,0.0,0.0,0.0,0.0,0.0,0.0,0.0,0.0,0.0,0.0,0.0,0.0,5,0,99.0,99.0,1.0,Off,Off,0.00,0.00,0.00,0.0,0.0
20.664,47,300,96,28800.0,21.5,11.400,1.267,38.0,33.0,42,0.0,100,100,100.0,126,100,158,100,51,51,0,6.351,6.351,0.000,0.000,11.400,1.267,1.6,0.0,-30,5,4.500,4.519,12.9,-540,-0.6,0.0,0.0,0.0,0.0,0.0,100,0.0,0.0,1204,240.8,0.0,0.0,0.0,0.0,0.0,0.0,0.0,0.0,0.0,0.0,0.0,0.0,0.0,0.0,0.0,0.0,5,0,96.0,96.0,1.0,Off,Off,0.00,0.00,0.00,0.0,0.0
20.728,47,194,99,19206.0,21.5,11.400,1.267,38.0,33.0,42,0.0,100,100,100.0,126,100,158,100,51,51,0,6.525,6.525,0.000,0.000,11.400,1.267,1.1,0.0,0,5,4.500,4.516,12.9,-540,-0.1,0.0,0.0,0.0,0.0,0.0,100,0.0,0.0,1204,372.37,0.0,0.0,0.0,0.0,0.0,0.0,0.0,0.0,0.0,0.0,0.0,0.0,0.0,0.0,0.0,0.0,5,0,99.0,99.0,1.0,Off,Off,0.00,0.00,0.00,0.0,0.0
20.796,47,255,97,24735.0,21.5,11.400,1.267,38.0,33.0,42,0.0,100,100,100.0,126,100,158,100,51,51,0,6.394,6.394,0.000,0.000,11.400,1.267,1.4,0.0,0,5,4.500,4.516,12.9,-700,-0.4,0.0,0.0,0.0,0.0,0.0,100,0.0,0.0,1204,283.29,0.0,0.0,0.0,0.0,0.0,0.0,0.0,0.0,0.0,0.0,0.0,0.0,0.0,0.0,0.0,0.0,5,0,97.0,97.0,1.0,Off,Off,0.00,0.00,0.00,0.0,0.0
20.863,47,183,99,18117.0,21.5,11.400,1.267,38.0,33.0,42,0.0,100,100,100.0,126,100,158,100,51,51,0,6.525,6.525,0.000,0.000,11.400,1.267,1.0,0.0,0,5,4.500,4.516,12.9,340,-0.1,0.0,0.0,0.0,0.0,0.0,100,0.0,0.0,1204,394.75,0.0,0.0,0.0,0.0,0.0,0.0,0.0,0.0,0.0,0.0,0.0,0.0,0.0,0.0,0.0,0.0,5,0,99.0,99.0,1.0,Off,Off,0.00,0.00,0.00,0.0,0.0
20.931,47,263,97,25511.0,21.5,11.400,1.267,38.0,33.0,42,0.0,100,100,100.0,126,100,158,100,51,51,0,6.394,6.394,0.000,0.000,11.400,1.267,1.4,0.0,0,5,4.500,4.516,12.8,340,-0.4,0.0,0.0,0.0,0.0,0.0,100,0.0,0.0,1204,274.68,0.0,0.0,0.0,0.0,0.0,0.0,0.0,0.0,0.0,0.0,0.0,0.0,0.0,0.0,0.0,0.0,5,0,97.0,97.0,1.0,Off,Off,0.00,0.00,0.00,0.0,0.0
20.999,47,208,98,20384.0,21.5,11.400,1.267,38.0,33.0,42,0.0,100,100,100.0,126,100,158,100,51,51,0,6.438,6.438,0.000,0.000,11.400,1.267,1.1,0.0,0,5,4.500,4.516,12.8,550,-0.3,0.0,0.0,0.0,0.0,0.0,100,0.0,0.0,1204,347.31,0.0,0.0,0.0,0.0,0.0,0.0,0.0,0.0,0.0,0.0,0.0,0.0,0.0,0.0,0.0,0.0,5,0,98.0,98.0,1.0,Off,Off,0.00,0.00,0.00,0.0,0.0
21.063,47,291,97,28227.0,15.5,11.400,1.267,38.0,33.0,42,0.0,100,100,100.0,126,100,158,100,51,51,0,6.394,6.394,0.000,0.000,11.400,1.267,1.6,0.0,-150,5,4.500,4.512,12.8,10,-0.4,0.0,0.0,0.0,0.0,0.0,100,0.0,0.0,1204,248.25,0.0,0.0,0.0,0.0,0.0,0.0,0.0,0.0,0.0,0.0,0.0,0.0,0.0,0.0,0.0,0.0,5,0,97.0,97.0,1.0,Off,Off,0.00,0.00,0.00,0.0,0.0
21.129,47,185,96,17760.0,7.5,11.400,1.267,38.0,33.0,42,0.0,100,100,100.0,126,100,158,100,51,51,0,6.351,6.351,0.000,0.000,11.400,1.267,1.0,0.0,-90,5,4.500,4.512,12.8,10,-0.6,0.0,0.0,0.0,0.0,0.0,100,0.0,0.0,1204,390.49,0.0,0.0,0.0,0.0,0.0,0.0,0.0,0.0,0.0,0.0,0.0,0.0,0.0,0.0,0.0,0.0,5,0,96.0,96.0,1.0,Off,Off,0.00,0.00,0.00,0.0,0.0
21.196,47,301,94,28294.0,0.5,11.400,1.267,38.0,33.0,42,0.0,100,100,100.0,126,100,158,100,50,50,0,6.139,6.139,0.000,0.000,11.400,1.267,1.5,0.0,-120,5,4.500,4.512,12.7,-890,-0.9,0.0,0.0,0.0,0.0,0.0,100,0.0,0.0,1204,240.0,0.0,0.0,0.0,0.0,0.0,0.0,0.0,0.0,0.0,0.0,0.0,0.0,0.0,0.0,0.0,0.0,5,0,94.0,94.0,1.0,Off,Off,0.00,0.00,0.00,0.0,0.0
21.264,47,172,92,15824.0,0.0,11.400,1.267,38.0,33.0,42,0.0,100,100,100.0,126,100,158,100,50,50,0,6.054,6.054,0.000,0.000,11.400,1.267,0.9,0.0,0,5,4.500,4.512,12.7,310,-1.2,0.0,0.0,0.0,0.0,0.0,100,0.0,0.0,1204,420.0,0.0,0.0,0.0,0.0,0.0,0.0,0.0,0.0,0.0,0.0,0.0,0.0,0.0,0.0,0.0,0.0,5,0,92.0,92.0,1.0,Off,Off,0.00,0.00,0.00,0.0,0.0
21.330,47,257,91,23387.0,0.0,11.400,1.267,38.0,33.0,42,0.0,100,100,100.0,126,100,158,100,50,50,0,5.969,5.969,0.000,0.000,11.400,1.267,1.3,0.0,0,5,4.500,4.512,12.7,310,-1.3,0.0,0.0,0.0,0.0,0.0,100,0.0,0.0,1204,281.09,0.0,0.0,0.0,0.0,0.0,0.0,0.0,0.0,0.0,0.0,0.0,0.0,0.0,0.0,0.0,0.0,5,0,91.0,91.0,1.0,Off,Off,0.00,0.00,0.00,0.0,0.0
21.398,47,182,91,16562.0,0.0,11.400,1.267,38.0,33.0,42,0.0,100,100,100.0,126,100,158,100,50,50,0,5.969,5.969,0.000,0.000,11.400,1.267,0.9,0.0,0,5,4.500,4.512,12.7,-30,-1.3,0.0,0.0,0.0,0.0,0.0,100,0.0,0.0,1204,396.92,0.0,0.0,0.0,0.0,0.0,0.0,0.0,0.0,0.0,0.0,0.0,0.0,0.0,0.0,0.0,0.0,5,0,91.0,91.0,1.0,Off,Off,0.00,0.00,0.00,0.0,0.0
21.467,47,381,91,34671.0,0.0,11.400,1.267,38.0,33.0,42,0.0,100,100,100.0,126,100,158,100,50,50,0,5.969,5.969,0.000,0.000,11.400,1.267,1.9,0.0,0,5,4.500,4.512,12.7,-30,-1.3,0.0,0.0,0.0,0.0,0.0,100,0.0,0.0,1204,189.61,0.0,0.0,0.0,0.0,0.0,0.0,0.0,0.0,0.0,0.0,0.0,0.0,0.0,0.0,0.0,0.0,5,0,91.0,91.0,1.0,Off,Off,0.00,0.00,0.00,0.0,0.0
21.530,47,214,91,19474.0,0.0,11.400,1.267,38.0,33.0,10,0.0,100,100,100.0,126,100,158,100,50,50,0,5.969,5.969,0.000,0.000,11.400,1.267,1.1,0.0,0,5,4.500,4.540,12.7,1680,-1.3,0.0,0.0,0.0,0.0,0.0,100,0.0,0.0,1204,337.57,0.0,0.0,0.0,0.0,0.0,0.0,0.0,0.0,0.0,0.0,0.0,0.0,0.0,0.0,0.0,0.0,5,0,91.0,91.0,1.0,Off,Off,0.00,0.00,0.00,0.0,0.0
21.598,47,358,85,30430.0,0.0,11.400,1.267,38.0,33.0,10,0.0,100,100,100.0,126,100,158,100,41,41,0,4.792,4.792,0.000,0.000,11.400,1.267,1.4,0.0,0,5,4.500,4.515,12.7,-1480,-2.2,0.0,0.0,0.0,0.0,0.0,100,0.0,0.0,1204,201.79,0.0,0.0,0.0,0.0,0.0,0.0,0.0,0.0,0.0,0.0,0.0,0.0,0.0,0.0,0.0,0.0,5,0,85.0,85.0,1.0,Off,Off,0.00,0.00,0.00,0.0,0.0
21.664,47,439,80,35120.0,0.0,11.400,1.267,38.0,33.0,9,0.0,100,100,100.0,126,100,158,100,41,41,0,4.549,4.549,0.000,0.000,11.400,1.267,1.7,0.0,0,5,3.000,3.188,12.7,-1480,-2.9,0.0,0.0,0.0,0.0,0.0,100,0.0,0.0,1204,164.56,0.0,0.0,0.0,0.0,0.0,0.0,0.0,0.0,0.0,0.0,0.0,0.0,0.0,0.0,0.0,0.0,5,0,80.0,80.0,1.0,Off,Off,0.00,0.00,0.00,0.0,0.0
21.730,48,367,79,28993.0,0.0,11.400,1.267,38.0,33.0,10,0.0,100,100,100.0,126,100,158,100,42,42,0,4.650,4.650,0.000,0.000,11.400,1.267,1.4,0.0,0,19,4.500,4.060,13.4,1340,-3.0,0.0,0.0,0.0,0.0,0.0,100,0.0,0.0,1203,196.68,0.0,0.0,0.0,0.0,0.0,0.0,0.0,0.0,0.0,0.0,0.0,0.0,0.0,0.0,0.0,0.0,19,0,79.0,79.0,1.0,Off,Off,0.00,0.00,0.00,0.0,0.0
21.798,48,477,77,36729.0,0.0,11.400,1.267,38.0,33.0,13,0.0,100,100,100.0,126,100,170,100,44,44,0,5.004,5.004,0.000,0.000,11.400,1.267,2.0,0.0,0,19,3.000,3.364,13.4,1100,-3.3,0.0,0.0,0.0,0.0,0.0,100,0.0,0.0,1203,151.32,0.0,0.0,0.0,0.0,0.0,0.0,0.0,0.0,0.0,0.0,0.0,0.0,0.0,0.0,0.0,0.0,19,0,77.0,77.0,1.0,Off,Off,0.00,0.00,0.00,0.0,0.0
21.861,48,477,73,34821.0,0.0,11.400,1.267,38.0,33.0,13,0.0,100,100,100.0,126,100,170,100,44,44,0,4.760,4.760,0.000,0.000,11.400,1.267,1.9,0.0,0,18,3.000,3.074,13.4,1100,-3.9,0.0,0.0,0.0,0.0,0.0,100,0.0,0.0,1203,151.32,0.0,0.0,0.0,0.0,0.0,0.0,0.0,0.0,0.0,0.0,0.0,0.0,0.0,0.0,0.0,0.0,18,0,73.0,73.0,1.0,Off,Off,0.00,0.00,0.00,0.0,0.0
21.927,48,584,67,39128.0,0.0,11.400,1.267,38.0,33.0,13,0.0,100,100,100.0,126,100,170,100,41,41,0,4.229,4.229,0.000,0.000,11.400,1.267,2.1,0.0,0,17,3.000,2.251,13.4,1070,-4.8,0.0,0.0,0.0,0.0,0.0,100,0.0,0.0,1203,123.6,0.0,0.0,0.0,0.0,0.0,0.0,0.0,0.0,0.0,0.0,0.0,0.0,0.0,0.0,0.0,0.0,17,0,67.0,67.0,1.0,Off,Off,0.00,0.00,0.00,0.0,0.0
21.996,48,746,61,45506.0,0.0,11.400,1.267,38.0,33.0,13,0.0,100,100,100.0,126,100,170,100,39,39,0,3.815,3.815,0.000,0.000,11.400,1.267,2.4,0.0,0,18,3.000,2.670,13.9,1620,-5.7,0.0,0.0,0.0,0.0,0.0,100,0.0,0.0,1203,96.76,0.0,0.0,0.0,0.0,0.0,0.0,0.0,0.0,0.0,0.0,0.0,0.0,0.0,0.0,0.0,0.0,18,0,61.0,61.0,1.0,Off,Off,0.00,0.00,0.00,0.0,0.0
22.060,48,847,56,47432.0,0.0,11.400,1.267,38.0,33.0,13,0.0,100,100,100.0,126,100,170,100,37,37,0,3.442,3.442,0.000,0.000,11.400,1.267,2.4,0.0,0,18,3.000,2.732,13.9,1620,-6.4,0.0,0.0,0.0,0.0,0.0,100,0.0,0.0,1203,85.22,0.0,0.0,0.0,0.0,0.0,0.0,0.0,0.0,0.0,0.0,0.0,0.0,0.0,0.0,0.0,0.0,18,0,56.0,56.0,1.0,Off,Off,0.00,0.00,0.00,0.0,0.0
22.126,48,956,52,49712.0,0.0,11.400,1.267,38.0,33.0,13,0.0,100,100,100.0,126,100,170,100,33,33,0,3.031,3.031,0.000,0.000,11.400,1.267,2.4,0.0,0,19,3.000,2.823,13.9,2100,-7.0,0.0,0.0,0.0,0.0,0.0,100,0.0,0.0,1203,75.5,0.0,0.0,0.0,0.0,0.0,0.0,0.0,0.0,0.0,0.0,0.0,0.0,0.0,0.0,0.0,0.0,19,0,52.0,52.0,1.0,Off,Off,0.00,0.00,0.00,0.0,0.0
22.195,48,995,51,50745.0,0.0,11.400,1.267,38.0,33.0,13,0.0,100,100,100.0,126,100,170,100,32,32,0,2.924,2.924,0.000,0.000,11.400,1.267,2.4,0.0,0,19,3.000,2.899,14.1,390,-7.1,0.0,0.0,0.0,0.0,0.0,100,0.0,0.0,1203,72.54,0.0,0.0,0.0,0.0,0.0,0.0,0.0,0.0,0.0,0.0,0.0,0.0,0.0,0.0,0.0,0.0,19,0,51.0,51.0,1.0,Off,Off,0.00,0.00,0.00,0.0,0.0
22.264,48,1035,49,50715.0,0.0,10.700,1.189,38.0,33.0,13,0.0,100,100,100.0,126,100,170,100,30,30,0,2.728,2.728,0.000,0.000,10.700,1.189,2.4,0.0,0,19,3.000,3.119,14.1,390,-7.4,0.0,0.0,0.0,0.0,0.0,100,0.0,0.0,1203,69.74,0.0,0.0,0.0,0.0,0.0,0.0,0.0,0.0,0.0,0.0,0.0,0.0,0.0,0.0,0.0,0.0,19,0,49.0,49.0,1.0,Off,Off,0.00,0.00,0.00,0.0,0.0
22.331,48,979,48,46992.0,0.0,10.500,1.167,38.0,33.0,13,0.0,100,100,100.0,126,100,170,100,30,30,0,2.674,2.674,0.000,0.000,10.500,1.167,2.2,0.0,0,19,3.000,3.173,14.1,-160,-7.5,0.0,0.0,0.0,0.0,0.0,100,0.0,0.0,1203,73.73,0.0,0.0,0.0,0.0,0.0,0.0,0.0,0.0,0.0,0.0,0.0,0.0,0.0,0.0,0.0,0.0,19,0,48.0,48.0,1.0,Off,Off,0.00,0.00,0.00,0.0,0.0
22.398,48,916,49,44884.0,0.0,9.200,1.022,38.0,33.0,13,0.0,100,100,100.0,126,100,170,100,31,31,0,2.818,2.818,0.000,0.000,9.200,1.022,2.2,0.0,0,18,3.000,3.031,14.1,-160,-7.4,0.0,0.0,0.0,0.0,0.0,100,0.0,0.0,1203,78.8,0.0,0.0,0.0,0.0,0.0,0.0,0.0,0.0,0.0,0.0,0.0,0.0,0.0,0.0,0.0,0.0,18,0,49.0,49.0,1.0,Off,Off,0.00,0.00,0.00,0.0,0.0
22.466,48,865,50,43250.0,0.0,8.600,0.956,38.0,33.0,13,0.0,100,100,100.0,126,100,170,100,32,32,0,2.895,2.895,0.000,0.000,8.600,0.956,2.1,0.0,0,18,3.000,3.257,14.3,-630,-7.3,0.0,0.0,0.0,0.0,0.0,100,0.0,0.0,1203,83.45,0.0,0.0,0.0,0.0,0.0,0.0,0.0,0.0,0.0,0.0,0.0,0.0,0.0,0.0,0.0,0.0,18,0,50.0,50.0,1.0,Off,Off,0.00,0.00,0.00,0.0,0.0
22.534,48,801,48,38448.0,0.0,8.400,0.933,38.0,33.0,13,0.0,100,100,100.0,126,100,170,100,31,31,0,2.761,2.761,0.000,0.000,8.400,0.933,1.8,0.0,0,17,3.000,3.019,14.3,-1150,-7.5,0.0,0.0,0.0,0.0,0.0,100,0.0,0.0,1203,90.11,0.0,0.0,0.0,0.0,0.0,0.0,0.0,0.0,0.0,0.0,0.0,0.0,0.0,0.0,0.0,0.0,17,0,48.0,48.0,1.0,Off,Off,0.00,0.00,0.00,0.0,0.0
22.599,48,704,53,37312.0,0.0,8.400,0.933,38.0,33.0,13,0.0,100,100,100.0,126,100,170,100,34,34,0,3.161,3.161,0.000,0.000,8.400,0.933,1.9,0.0,0,17,3.000,3.062,14.3,-1150,-6.8,0.0,0.0,0.0,0.0,0.0,100,0.0,0.0,1203,102.53,0.0,0.0,0.0,0.0,0.0,0.0,0.0,0.0,0.0,0.0,0.0,0.0,0.0,0.0,0.0,0.0,17,0,53.0,53.0,1.0,Off,Off,0.00,0.00,0.00,0.0,0.0
22.665,48,644,52,33488.0,0.0,8.300,0.922,38.0,33.0,13,0.0,100,100,100.0,126,100,170,100,33,33,0,3.031,3.031,0.000,0.000,8.300,0.922,1.6,0.0,0,16,3.000,3.515,14.3,-970,-7.0,0.0,0.0,0.0,0.0,0.0,100,0.0,0.0,1203,112.08,0.0,0.0,0.0,0.0,0.0,0.0,0.0,0.0,0.0,0.0,0.0,0.0,0.0,0.0,0.0,0.0,16,0,52.0,52.0,1.0,Off,Off,0.00,0.00,0.00,0.0,0.0
22.730,49,644,60,38640.0,6.0,8.200,0.911,38.0,33.0,29,0.0,100,100,100.0,126,100,170,128,38,38,0,5.741,5.741,0.000,0.000,8.200,0.911,3.1,0.0,120,17,3.000,3.585,14.4,-600,-5.8,0.0,0.0,0.0,0.0,0.0,100,0.0,0.0,1102,102.67,0.0,0.0,0.0,0.0,0.0,0.0,0.0,0.0,0.0,0.0,0.0,0.0,0.0,0.0,0.0,0.0,17,0,60.0,60.0,1.0,Off,Off,0.00,0.00,0.00,0.0,0.0
22.799,49,578,77,44506.0,17.5,8.200,0.911,38.0,33.0,29,0.0,100,100,100.0,126,100,170,150,45,45,0,8.622,8.622,0.000,0.000,8.200,0.911,4.2,0.0,150,20,3.000,2.973,14.4,-600,-3.3,0.0,0.0,0.0,0.0,0.0,100,0.0,0.0,1102,114.39,0.0,0.0,0.0,0.0,0.0,0.0,0.0,0.0,0.0,0.0,0.0,0.0,0.0,0.0,0.0,0.0,20,0,77.0,77.0,1.0,Off,Off,0.00,0.00,0.00,0.0,0.0
22.864,49,578,83,47974.0,22.5,8.100,0.9,38.0,33.0,29,0.0,100,100,100.0,126,100,170,150,42,42,0,8.610,8.610,0.000,0.000,8.100,0.9,4.1,0.0,60,21,3.000,2.883,14.4,-660,-2.5,0.0,0.0,0.0,0.0,0.0,100,0.0,0.0,1102,114.39,0.0,0.0,0.0,0.0,0.0,0.0,0.0,0.0,0.0,0.0,0.0,0.0,0.0,0.0,0.0,0.0,21,0,83.0,83.0,1.0,Off,Off,0.00,0.00,0.00,0.0,0.0
22.929,49,621,88,54648.0,23.0,7.700,0.856,38.0,33.0,29,0.0,100,100,100.0,126,100,170,150,46,46,0,9.289,9.289,0.000,0.000,7.700,0.856,4.8,0.0,15,22,3.000,2.754,14.4,430,-1.7,0.0,0.0,0.0,0.0,0.0,100,0.0,0.0,1102,106.47,0.0,0.0,0.0,0.0,0.0,0.0,0.0,0.0,0.0,0.0,0.0,0.0,0.0,0.0,0.0,0.0,22,0,88.0,88.0,1.0,Off,Off,0.00,0.00,0.00,0.0,0.0
22.996,49,745,86,64070.0,24.0,7.300,0.811,38.0,33.0,29,0.0,100,100,100.0,126,100,170,150,44,44,0,8.923,8.923,0.000,0.000,7.300,0.811,5.5,0.0,30,22,3.000,3.180,14.5,430,-2.0,0.0,0.0,0.0,0.0,0.0,100,0.0,0.0,1102,88.75,0.0,0.0,0.0,0.0,0.0,0.0,0.0,0.0,0.0,0.0,0.0,0.0,0.0,0.0,0.0,0.0,22,0,86.0,86.0,1.0,Off,Off,0.00,0.00,0.00,0.0,0.0
23.063,49,702,93,65286.0,27.5,7.100,0.789,38.0,33.0,29,0.0,100,100,100.0,126,100,170,150,51,51,0,10.061,10.061,0.000,0.000,7.100,0.789,5.9,0.0,60,23,3.000,3.285,14.5,1240,-1.0,0.0,0.0,0.0,0.0,0.0,100,0.0,0.0,1102,94.19,0.0,0.0,0.0,0.0,0.0,0.0,0.0,0.0,0.0,0.0,0.0,0.0,0.0,0.0,0.0,0.0,23,0,93.0,93.0,1.0,Off,Off,0.00,0.00,0.00,0.0,0.0
23.137,49,702,93,65286.0,36.0,6.800,0.756,38.0,33.0,29,0.0,100,100,100.0,126,100,170,150,51,51,0,10.061,10.061,0.000,0.000,6.800,0.756,5.9,0.0,135,23,3.000,3.845,14.5,-430,-1.0,0.0,0.0,0.0,0.0,0.0,100,0.0,0.0,1102,94.19,0.0,0.0,0.0,0.0,0.0,0.0,0.0,0.0,0.0,0.0,0.0,0.0,0.0,0.0,0.0,0.0,23,0,93.0,93.0,1.0,Off,Off,0.00,0.00,0.00,0.0,0.0
23.201,49,579,96,55584.0,40.0,6.800,0.756,38.0,33.0,29,0.0,100,100,100.0,126,100,170,150,51,51,0,10.250,10.250,0.000,0.000,6.800,0.756,4.9,0.0,30,23,3.000,2.957,14.5,-430,-0.6,0.0,0.0,0.0,0.0,0.0,100,0.0,0.0,1102,114.2,0.0,0.0,0.0,0.0,0.0,0.0,0.0,0.0,0.0,0.0,0.0,0.0,0.0,0.0,0.0,0.0,23,0,96.0,96.0,1.0,Off,Off,0.00,0.00,0.00,0.0,0.0
23.267,49,579,99,57321.0,41.0,6.800,0.756,38.0,33.0,13,0.0,100,100,100.0,126,100,170,100,51,51,0,6.962,6.962,0.000,0.000,6.800,0.756,3.4,0.0,0,22,3.000,3.005,14.5,-1230,-0.1,0.0,0.0,0.0,0.0,0.0,100,0.0,0.0,1102,114.2,0.0,0.0,0.0,0.0,0.0,0.0,0.0,0.0,0.0,0.0,0.0,0.0,0.0,0.0,0.0,0.0,22,0,99.0,99.0,1.0,Off,Off,0.00,0.00,0.00,0.0,0.0
23.333,49,250,98,24500.0,41.0,6.700,0.744,38.0,33.0,10,0.0,100,100,100.0,126,100,158,100,51,51,0,6.438,6.438,0.000,0.000,6.700,0.744,1.3,0.0,0,5,4.500,3.005,14.5,-1230,-0.3,0.0,0.0,0.0,0.0,0.0,100,0.0,0.0,1102,264.48,0.0,0.0,0.0,0.0,0.0,0.0,0.0,0.0,0.0,0.0,0.0,0.0,0.0,0.0,0.0,0.0,5,0,98.0,98.0,1.0,Off,Off,0.00,0.00,0.00,0.0,0.0
23.395,49,0,100,0.0,41.0,6.800,0.756,38.0,33.0,0,0.0,100,100,100.0,126,100,158,100,51,51,0,0.000,6.569,0.000,0.000,6.800,0.756,0.0,0.0,0,22,4.500,4.335,14.5,0,0.0,0.0,0.0,0.0,0.0,0.0,100,0.0,0.0,1102,0.0,0.0,0.0,0.0,0.0,0.0,0.0,0.0,0.0,0.0,0.0,0.0,0.0,0.0,0.0,0.0,0.0,22,0,100.0,100.0,0.0,Off,Off,0.00,0.00,0.00,0.0,0.0
23.463,49,0,102,0.0,41.0,6.900,0.767,38.0,33.0,0,0.0,100,100,100.0,126,100,158,100,51,51,0,0.000,6.569,0.000,0.000,6.800,0.756,0.0,0.0,0,22,4.500,4.335,14.5,-2170,0.3,0.0,0.0,0.0,0.0,0.0,100,0.0,0.0,1102,0.0,0.0,0.0,0.0,0.0,0.0,0.0,0.0,0.0,0.0,0.0,0.0,0.0,0.0,0.0,0.0,0.0,22,0,102.0,102.0,1.0,Off,Off,0.00,0.00,0.00,0.0,0.0
23.531,49,0,99,0.0,41.0,6.900,0.767,38.0,33.0,0,0.0,100,100,100.0,126,100,158,100,51,51,0,0.000,6.569,0.000,0.000,6.800,0.756,0.0,0.0,0,22,4.500,4.335,14.5,-2170,-0.1,0.0,0.0,0.0,0.0,0.0,100,0.0,0.0,1102,0.0,0.0,0.0,0.0,0.0,0.0,0.0,0.0,0.0,0.0,0.0,0.0,0.0,0.0,0.0,0.0,0.0,22,0,99.0,99.0,1.0,Off,Off,0.00,0.00,0.00,0.0,0.0
23.597,49,0,99,0.0,41.0,6.900,0.767,38.0,33.0,0,0.0,100,100,100.0,126,100,158,100,51,51,0,0.000,6.569,0.000,0.000,6.800,0.756,0.0,0.0,0,22,4.500,4.335,14.5,0,-0.1,0.0,0.0,0.0,0.0,0.0,100,0.0,0.0,1102,0.0,0.0,0.0,0.0,0.0,0.0,0.0,0.0,0.0,0.0,0.0,0.0,0.0,0.0,0.0,0.0,0.0,22,0,99.0,99.0,0.0,Off,Off,0.00,0.00,0.00,0.0,0.0
23.664,49,0,99,0.0,41.0,6.900,0.767,38.0,33.0,0,0.0,100,100,100.0,126,100,158,100,51,51,0,0.000,6.569,0.000,0.000,6.800,0.756,0.0,0.0,0,22,4.500,4.491,14.5,0,-0.1,0.0,0.0,0.0,0.0,0.0,100,0.0,0.0,1102,0.0,0.0,0.0,0.0,0.0,0.0,0.0,0.0,0.0,0.0,0.0,0.0,0.0,0.0,0.0,0.0,0.0,22,0,99.0,99.0,0.0,Off,Off,0.00,0.00,0.00,0.0,0.0
23.732,49,0,100,0.0,41.0,6.800,0.756,38.0,33.0,0,0.0,100,100,100.0,126,100,158,100,51,51,0,0.000,6.569,0.000,0.000,6.800,0.756,0.0,0.0,0,22,4.500,4.491,14.5,0,0.0,0.0,0.0,0.0,0.0,0.0,100,0.0,0.0,1102,0.0,0.0,0.0,0.0,0.0,0.0,0.0,0.0,0.0,0.0,0.0,0.0,0.0,0.0,0.0,0.0,0.0,22,0,100.0,100.0,0.0,Off,Off,0.00,0.00,0.00,0.0,0.0
23.797,50,0,100,0.0,41.0,6.800,0.756,38.0,33.0,0,0.0,100,100,100.0,126,100,158,100,51,51,0,0.000,6.569,0.000,0.000,6.800,0.756,0.0,0.0,0,22,4.500,4.491,14.5,0,0.0,0.0,0.0,0.0,0.0,0.0,100,0.0,0.0,2894,0.0,0.0,0.0,0.0,0.0,0.0,0.0,0.0,0.0,0.0,0.0,0.0,0.0,0.0,0.0,0.0,0.0,22,0,100.0,100.0,0.0,Off,Off,0.00,0.00,0.00,0.0,0.0
23.864,50,0,100,0.0,41.0,6.800,0.756,38.0,33.0,0,0.0,100,100,100.0,126,100,158,100,51,51,0,0.000,6.569,0.000,0.000,6.800,0.756,0.0,0.0,0,22,4.500,4.491,14.5,0,0.0,0.0,0.0,0.0,0.0,0.0,100,0.0,0.0,2894,0.0,0.0,0.0,0.0,0.0,0.0,0.0,0.0,0.0,0.0,0.0,0.0,0.0,0.0,0.0,0.0,0.0,22,0,100.0,100.0,0.0,Off,Off,0.00,0.00,0.00,0.0,0.0
23.931,50,0,100,0.0,41.0,6.800,0.756,38.0,33.0,0,0.0,100,100,100.0,126,100,158,100,51,51,0,0.000,6.569,0.000,0.000,6.800,0.756,0.0,0.0,0,22,4.500,4.491,14.5,0,0.0,0.0,0.0,0.0,0.0,0.0,100,0.0,0.0,2894,0.0,0.0,0.0,0.0,0.0,0.0,0.0,0.0,0.0,0.0,0.0,0.0,0.0,0.0,0.0,0.0,0.0,22,0,100.0,100.0,0.0,Off,Off,0.00,0.00,0.00,0.0,0.0
23.994,50,0,100,0.0,41.0,6.800,0.756,38.0,33.0,0,0.0,100,100,100.0,126,100,158,100,51,51,0,0.000,6.569,0.000,0.000,6.800,0.756,0.0,0.0,0,22,4.500,4.491,14.5,0,0.0,0.0,0.0,0.0,0.0,0.0,100,0.0,0.0,2894,0.0,0.0,0.0,0.0,0.0,0.0,0.0,0.0,0.0,0.0,0.0,0.0,0.0,0.0,0.0,0.0,0.0,22,0,100.0,100.0,0.0,Off,Off,0.00,0.00,0.00,0.0,0.0
24.064,50,0,100,0.0,41.0,6.800,0.756,38.0,33.0,0,0.0,100,100,100.0,126,100,158,100,51,51,0,0.000,6.569,0.000,0.000,6.800,0.756,0.0,0.0,0,22,4.500,4.491,14.5,0,0.0,0.0,0.0,0.0,0.0,0.0,100,0.0,0.0,2894,0.0,0.0,0.0,0.0,0.0,0.0,0.0,0.0,0.0,0.0,0.0,0.0,0.0,0.0,0.0,0.0,0.0,22,0,100.0,100.0,0.0,Off,Off,0.00,0.00,0.00,0.0,0.0
24.131,50,0,100,0.0,41.0,6.800,0.756,38.0,33.0,0,0.0,100,100,100.0,126,100,158,100,51,51,0,0.000,6.569,0.000,0.000,6.800,0.756,0.0,0.0,0,22,4.500,4.491,14.5,0,0.0,0.0,0.0,0.0,0.0,0.0,100,0.0,0.0,2894,0.0,0.0,0.0,0.0,0.0,0.0,0.0,0.0,0.0,0.0,0.0,0.0,0.0,0.0,0.0,0.0,0.0,22,0,100.0,100.0,0.0,Off,Off,0.00,0.00,0.00,0.0,0.0
24.197,50,0,100,0.0,41.0,6.800,0.756,38.0,33.0,0,0.0,100,100,100.0,126,100,158,100,51,51,0,0.000,6.569,0.000,0.000,6.800,0.756,0.0,0.0,0,22,4.500,4.491,14.5,0,0.0,0.0,0.0,0.0,0.0,0.0,100,0.0,0.0,2894,0.0,0.0,0.0,0.0,0.0,0.0,0.0,0.0,0.0,0.0,0.0,0.0,0.0,0.0,0.0,0.0,0.0,22,0,100.0,100.0,0.0,Off,Off,0.00,0.00,0.00,0.0,0.0
24.262,50,0,100,0.0,41.0,6.800,0.756,38.0,33.0,0,0.0,100,100,100.0,126,100,158,100,51,51,0,0.000,6.569,0.000,0.000,6.800,0.756,0.0,0.0,0,22,4.500,4.491,14.5,0,0.0,0.0,0.0,0.0,0.0,0.0,100,0.0,0.0,2894,0.0,0.0,0.0,0.0,0.0,0.0,0.0,0.0,0.0,0.0,0.0,0.0,0.0,0.0,0.0,0.0,0.0,22,0,100.0,100.0,0.0,Off,Off,0.00,0.00,0.00,0.0,0.0
24.330,50,0,100,0.0,41.0,6.800,0.756,38.0,33.0,0,0.0,100,100,100.0,126,100,158,100,51,51,0,0.000,6.569,0.000,0.000,6.800,0.756,0.0,0.0,0,22,4.500,4.491,14.5,0,0.0,0.0,0.0,0.0,0.0,0.0,100,0.0,0.0,2894,0.0,0.0,0.0,0.0,0.0,0.0,0.0,0.0,0.0,0.0,0.0,0.0,0.0,0.0,0.0,0.0,0.0,22,0,100.0,100.0,0.0,Off,Off,0.00,0.00,0.00,0.0,0.0
24.398,50,0,100,0.0,41.0,6.800,0.756,38.0,33.0,0,0.0,100,100,100.0,126,100,158,100,51,51,0,0.000,6.569,0.000,0.000,6.800,0.756,0.0,0.0,0,22,4.500,4.491,14.5,0,0.0,0.0,0.0,0.0,0.0,0.0,100,0.0,0.0,2894,0.0,0.0,0.0,0.0,0.0,0.0,0.0,0.0,0.0,0.0,0.0,0.0,0.0,0.0,0.0,0.0,0.0,22,0,100.0,100.0,0.0,Off,Off,0.00,0.00,0.00,0.0,0.0
24.465,50,0,100,0.0,41.0,6.800,0.756,38.0,33.0,0,0.0,100,100,100.0,126,100,158,100,51,51,0,0.000,6.569,0.000,0.000,6.800,0.756,0.0,0.0,0,22,4.500,4.491,14.5,0,0.0,0.0,0.0,0.0,0.0,0.0,100,0.0,0.0,2894,0.0,0.0,0.0,0.0,0.0,0.0,0.0,0.0,0.0,0.0,0.0,0.0,0.0,0.0,0.0,0.0,0.0,22,0,100.0,100.0,0.0,Off,Off,0.00,0.00,0.00,0.0,0.0
24.527,50,0,100,0.0,41.0,6.800,0.756,38.0,33.0,0,0.0,100,100,100.0,126,100,158,100,51,51,0,0.000,6.569,0.000,0.000,6.800,0.756,0.0,0.0,0,22,4.500,4.491,14.5,0,0.0,0.0,0.0,0.0,0.0,0.0,100,0.0,0.0,2894,0.0,0.0,0.0,0.0,0.0,0.0,0.0,0.0,0.0,0.0,0.0,0.0,0.0,0.0,0.0,0.0,0.0,22,0,100.0,100.0,0.0,Off,Off,0.00,0.00,0.00,0.0,0.0
24.595,50,0,100,0.0,41.0,6.800,0.756,38.0,33.0,0,0.0,100,100,100.0,126,100,158,100,51,51,0,0.000,6.569,0.000,0.000,6.800,0.756,0.0,0.0,0,22,4.500,4.491,14.5,0,0.0,0.0,0.0,0.0,0.0,0.0,100,0.0,0.0,2894,0.0,0.0,0.0,0.0,0.0,0.0,0.0,0.0,0.0,0.0,0.0,0.0,0.0,0.0,0.0,0.0,0.0,22,0,100.0,100.0,0.0,Off,Off,0.00,0.00,0.00,0.0,0.0
24.663,50,0,100,0.0,41.0,6.800,0.756,38.0,33.0,0,0.0,100,100,100.0,126,100,158,100,51,51,0,0.000,6.569,0.000,0.000,6.800,0.756,0.0,0.0,0,22,4.500,4.491,14.5,0,0.0,0.0,0.0,0.0,0.0,0.0,100,0.0,0.0,2894,0.0,0.0,0.0,0.0,0.0,0.0,0.0,0.0,0.0,0.0,0.0,0.0,0.0,0.0,0.0,0.0,0.0,22,0,100.0,100.0,0.0,Off,Off,0.00,0.00,0.00,0.0,0.0
24.729,50,0,100,0.0,41.0,6.800,0.756,38.0,33.0,0,0.0,100,100,100.0,126,100,158,100,51,51,0,0.000,6.569,0.000,0.000,6.800,0.756,0.0,0.0,0,22,4.500,4.491,14.5,0,0.0,0.0,0.0,0.0,0.0,0.0,100,0.0,0.0,2894,0.0,0.0,0.0,0.0,0.0,0.0,0.0,0.0,0.0,0.0,0.0,0.0,0.0,0.0,0.0,0.0,0.0,22,0,100.0,100.0,0.0,Off,Off,0.00,0.00,0.00,0.0,0.0
24.796,51,0,100,0.0,41.0,6.800,0.756,38.0,33.0,0,0.0,100,100,100.0,126,100,158,100,51,51,0,0.000,6.569,0.000,0.000,6.800,0.756,0.0,0.0,0,22,4.500,4.491,14.5,0,0.0,0.0,0.0,0.0,0.0,0.0,100,0.0,0.0,4056,0.0,0.0,0.0,0.0,0.0,0.0,0.0,0.0,0.0,0.0,0.0,0.0,0.0,0.0,0.0,0.0,0.0,22,0,100.0,100.0,0.0,Off,Off,0.00,0.00,0.00,0.0,0.0
24.864,51,0,100,0.0,41.0,6.800,0.756,38.0,33.0,0,0.0,100,100,100.0,126,100,158,100,51,51,0,0.000,6.569,0.000,0.000,6.800,0.756,0.0,0.0,0,22,4.500,4.491,14.5,0,0.0,0.0,0.0,0.0,0.0,0.0,100,0.0,0.0,4056,0.0,0.0,0.0,0.0,0.0,0.0,0.0,0.0,0.0,0.0,0.0,0.0,0.0,0.0,0.0,0.0,0.0,22,0,100.0,100.0,0.0,Off,Off,0.00,0.00,0.00,0.0,0.0
24.931,51,0,100,0.0,41.0,6.800,0.756,38.0,33.0,0,0.0,100,100,100.0,126,100,158,100,51,51,0,0.000,6.569,0.000,0.000,6.800,0.756,0.0,0.0,0,22,4.500,4.491,14.5,0,0.0,0.0,0.0,0.0,0.0,0.0,100,0.0,0.0,4056,0.0,0.0,0.0,0.0,0.0,0.0,0.0,0.0,0.0,0.0,0.0,0.0,0.0,0.0,0.0,0.0,0.0,22,0,100.0,100.0,0.0,Off,Off,0.00,0.00,0.00,0.0,0.0
24.997,51,0,100,0.0,41.0,6.800,0.756,38.0,33.0,0,0.0,100,100,100.0,126,100,158,100,51,51,0,0.000,6.569,0.000,0.000,6.800,0.756,0.0,0.0,0,22,4.500,4.491,14.5,0,0.0,0.0,0.0,0.0,0.0,0.0,100,0.0,0.0,4056,0.0,0.0,0.0,0.0,0.0,0.0,0.0,0.0,0.0,0.0,0.0,0.0,0.0,0.0,0.0,0.0,0.0,22,0,100.0,100.0,0.0,Off,Off,0.00,0.00,0.00,0.0,0.0
25.064,51,0,100,0.0,41.0,6.800,0.756,38.0,33.0,0,0.0,100,100,100.0,126,100,158,100,51,51,0,0.000,6.569,0.000,0.000,6.800,0.756,0.0,0.0,0,22,4.500,4.491,14.5,0,0.0,0.0,0.0,0.0,0.0,0.0,100,0.0,0.0,4056,0.0,0.0,0.0,0.0,0.0,0.0,0.0,0.0,0.0,0.0,0.0,0.0,0.0,0.0,0.0,0.0,0.0,22,0,100.0,100.0,0.0,Off,Off,0.00,0.00,0.00,0.0,0.0
25.131,51,0,100,0.0,41.0,6.800,0.756,38.0,33.0,0,0.0,100,100,100.0,126,100,158,100,51,51,0,0.000,6.569,0.000,0.000,6.800,0.756,0.0,0.0,0,22,4.500,4.491,14.5,0,0.0,0.0,0.0,0.0,0.0,0.0,100,0.0,0.0,4056,0.0,0.0,0.0,0.0,0.0,0.0,0.0,0.0,0.0,0.0,0.0,0.0,0.0,0.0,0.0,0.0,0.0,22,0,100.0,100.0,0.0,Off,Off,0.00,0.00,0.00,0.0,0.0
25.197,51,0,100,0.0,41.0,6.800,0.756,38.0,33.0,0,0.0,100,100,100.0,126,100,158,100,51,51,0,0.000,6.569,0.000,0.000,6.800,0.756,0.0,0.0,0,22,4.500,4.491,14.5,0,0.0,0.0,0.0,0.0,0.0,0.0,100,0.0,0.0,4056,0.0,0.0,0.0,0.0,0.0,0.0,0.0,0.0,0.0,0.0,0.0,0.0,0.0,0.0,0.0,0.0,0.0,22,0,100.0,100.0,0.0,Off,Off,0.00,0.00,0.00,0.0,0.0
25.264,51,0,100,0.0,41.0,6.800,0.756,38.0,33.0,0,0.0,100,100,100.0,126,100,158,100,51,51,0,0.000,6.569,0.000,0.000,6.800,0.756,0.0,0.0,0,22,4.500,4.491,14.5,0,0.0,0.0,0.0,0.0,0.0,0.0,100,0.0,0.0,4056,0.0,0.0,0.0,0.0,0.0,0.0,0.0,0.0,0.0,0.0,0.0,0.0,0.0,0.0,0.0,0.0,0.0,22,0,100.0,100.0,0.0,Off,Off,0.00,0.00,0.00,0.0,0.0
25.331,51,0,100,0.0,38.0,6.800,0.756,38.0,33.0,0,0.0,100,100,100.0,126,100,158,100,51,51,0,0.000,6.569,0.000,0.000,6.800,0.756,0.0,0.0,0,22,4.500,4.491,14.6,0,0.0,0.0,0.0,0.0,0.0,0.0,100,0.0,0.0,4056,0.0,0.0,0.0,0.0,0.0,0.0,0.0,0.0,0.0,0.0,0.0,0.0,0.0,0.0,0.0,0.0,0.0,22,0,100.0,100.0,0.0,Off,Off,0.00,0.00,0.00,0.0,0.0
25.398,51,0,100,0.0,26.5,6.800,0.756,38.0,33.0,0,0.0,100,100,100.0,126,100,158,100,51,51,0,0.000,6.569,0.000,0.000,6.800,0.756,0.0,0.0,0,22,4.500,4.491,14.6,0,0.0,0.0,0.0,0.0,0.0,0.0,100,0.0,0.0,4056,0.0,0.0,0.0,0.0,0.0,0.0,0.0,0.0,0.0,0.0,0.0,0.0,0.0,0.0,0.0,0.0,0.0,22,0,100.0,100.0,0.0,Off,Off,0.00,0.00,0.00,0.0,0.0
25.464,51,0,100,0.0,15.5,6.800,0.756,38.0,33.0,0,0.0,100,100,100.0,126,100,158,100,51,51,0,0.000,6.569,0.000,0.000,6.800,0.756,0.0,0.0,0,22,4.500,4.491,14.6,0,0.0,0.0,0.0,0.0,0.0,0.0,100,0.0,0.0,4056,0.0,0.0,0.0,0.0,0.0,0.0,0.0,0.0,0.0,0.0,0.0,0.0,0.0,0.0,0.0,0.0,0.0,22,0,100.0,100.0,0.0,Off,Off,0.00,0.00,0.00,0.0,0.0
25.529,51,0,100,0.0,7.0,6.800,0.756,38.0,33.0,0,0.0,100,100,100.0,126,100,158,100,51,51,0,0.000,6.569,0.000,0.000,6.800,0.756,0.0,0.0,0,22,4.500,4.491,14.6,0,0.0,0.0,0.0,0.0,0.0,0.0,100,0.0,0.0,4056,0.0,0.0,0.0,0.0,0.0,0.0,0.0,0.0,0.0,0.0,0.0,0.0,0.0,0.0,0.0,0.0,0.0,22,0,100.0,100.0,0.0,Off,Off,0.00,0.00,0.00,0.0,0.0
25.592,51,0,100,0.0,0.0,6.800,0.756,38.0,33.0,0,0.0,100,100,100.0,126,100,158,100,51,51,0,0.000,6.569,0.000,0.000,6.800,0.756,0.0,0.0,0,22,4.500,4.491,14.6,0,0.0,0.0,0.0,0.0,0.0,0.0,100,0.0,0.0,4056,0.0,0.0,0.0,0.0,0.0,0.0,0.0,0.0,0.0,0.0,0.0,0.0,0.0,0.0,0.0,0.0,0.0,22,0,100.0,100.0,0.0,Off,Off,0.00,0.00,0.00,0.0,0.0
25.661,51,0,100,0.0,0.0,6.800,0.756,38.0,33.0,0,0.0,100,100,100.0,126,100,158,100,51,51,0,0.000,6.569,0.000,0.000,6.800,0.756,0.0,0.0,0,22,4.500,4.491,14.6,0,0.0,0.0,0.0,0.0,0.0,0.0,100,0.0,0.0,4056,0.0,0.0,0.0,0.0,0.0,0.0,0.0,0.0,0.0,0.0,0.0,0.0,0.0,0.0,0.0,0.0,0.0,22,0,100.0,100.0,0.0,Off,Off,0.00,0.00,0.00,0.0,0.0
25.726,51,0,100,0.0,0.0,6.800,0.756,38.0,33.0,0,0.0,100,100,100.0,126,100,158,100,51,51,0,0.000,6.569,0.000,0.000,6.800,0.756,0.0,0.0,0,22,4.500,4.491,14.6,0,0.0,0.0,0.0,0.0,0.0,0.0,100,0.0,0.0,4056,0.0,0.0,0.0,0.0,0.0,0.0,0.0,0.0,0.0,0.0,0.0,0.0,0.0,0.0,0.0,0.0,0.0,22,0,100.0,100.0,0.0,Off,Off,0.00,0.00,0.00,0.0,0.0
25.794,51,0,100,0.0,0.0,6.800,0.756,38.0,33.0,0,0.0,100,100,100.0,126,100,158,100,51,51,0,0.000,6.569,0.000,0.000,6.800,0.756,0.0,0.0,0,22,4.500,4.491,14.6,0,0.0,0.0,0.0,0.0,0.0,0.0,100,0.0,0.0,4056,0.0,0.0,0.0,0.0,0.0,0.0,0.0,0.0,0.0,0.0,0.0,0.0,0.0,0.0,0.0,0.0,0.0,22,0,100.0,100.0,0.0,Off,Off,0.00,0.00,0.00,0.0,0.0
25.863,52,0,100,0.0,0.0,6.800,0.756,38.0,33.0,0,0.0,100,100,100.0,126,100,158,100,51,51,0,0.000,6.569,0.000,0.000,6.800,0.756,0.0,0.0,0,22,4.500,4.491,14.6,0,0.0,0.0,0.0,0.0,0.0,0.0,100,0.0,0.0,4035,0.0,0.0,0.0,0.0,0.0,0.0,0.0,0.0,0.0,0.0,0.0,0.0,0.0,0.0,0.0,0.0,0.0,22,0,100.0,100.0,0.0,Off,Off,0.00,0.00,0.00,0.0,0.0
25.931,52,0,100,0.0,0.0,6.800,0.756,38.0,33.0,0,0.0,100,100,100.0,126,100,158,100,51,51,0,0.000,6.569,0.000,0.000,6.800,0.756,0.0,0.0,0,22,4.500,4.491,14.6,0,0.0,0.0,0.0,0.0,0.0,0.0,100,0.0,0.0,4035,0.0,0.0,0.0,0.0,0.0,0.0,0.0,0.0,0.0,0.0,0.0,0.0,0.0,0.0,0.0,0.0,0.0,22,0,100.0,100.0,0.0,Off,Off,0.00,0.00,0.00,0.0,0.0
25.995,52,0,100,0.0,0.0,6.800,0.756,38.0,33.0,0,0.0,100,100,100.0,126,100,158,100,51,51,0,0.000,6.569,0.000,0.000,6.800,0.756,0.0,0.0,0,22,4.500,4.491,14.6,0,0.0,0.0,0.0,0.0,0.0,0.0,100,0.0,0.0,4035,0.0,0.0,0.0,0.0,0.0,0.0,0.0,0.0,0.0,0.0,0.0,0.0,0.0,0.0,0.0,0.0,0.0,22,0,100.0,100.0,0.0,Off,Off,0.00,0.00,0.00,0.0,0.0
26.064,52,0,100,0.0,0.0,6.800,0.756,38.0,33.0,0,0.0,100,100,100.0,126,100,158,100,51,51,0,0.000,6.569,0.000,0.000,6.800,0.756,0.0,0.0,0,22,4.500,4.491,14.6,0,0.0,0.0,0.0,0.0,0.0,0.0,100,0.0,0.0,4035,0.0,0.0,0.0,0.0,0.0,0.0,0.0,0.0,0.0,0.0,0.0,0.0,0.0,0.0,0.0,0.0,0.0,22,0,100.0,100.0,0.0,Off,Off,0.00,0.00,0.00,0.0,0.0
26.129,52,0,100,0.0,0.0,6.800,0.756,38.0,33.0,0,0.0,100,100,100.0,126,100,158,100,51,51,0,0.000,6.569,0.000,0.000,6.800,0.756,0.0,0.0,0,22,4.500,4.491,14.6,0,0.0,0.0,0.0,0.0,0.0,0.0,100,0.0,0.0,4035,0.0,0.0,0.0,0.0,0.0,0.0,0.0,0.0,0.0,0.0,0.0,0.0,0.0,0.0,0.0,0.0,0.0,22,0,100.0,100.0,0.0,Off,Off,0.00,0.00,0.00,0.0,0.0
26.195,52,0,100,0.0,0.0,6.800,0.756,38.0,33.0,0,0.0,100,100,100.0,126,100,158,100,51,51,0,0.000,6.569,0.000,0.000,6.800,0.756,0.0,0.0,0,22,4.500,4.491,14.6,0,0.0,0.0,0.0,0.0,0.0,0.0,100,0.0,0.0,4035,0.0,0.0,0.0,0.0,0.0,0.0,0.0,0.0,0.0,0.0,0.0,0.0,0.0,0.0,0.0,0.0,0.0,22,0,100.0,100.0,0.0,Off,Off,0.00,0.00,0.00,0.0,0.0
26.261,52,0,100,0.0,0.0,6.800,0.756,38.0,33.0,0,0.0,100,100,100.0,126,100,158,100,51,51,0,0.000,6.569,0.000,0.000,6.800,0.756,0.0,0.0,0,22,4.500,4.491,14.6,0,0.0,0.0,0.0,0.0,0.0,0.0,100,0.0,0.0,4035,0.0,0.0,0.0,0.0,0.0,0.0,0.0,0.0,0.0,0.0,0.0,0.0,0.0,0.0,0.0,0.0,0.0,22,0,100.0,100.0,0.0,Off,Off,0.00,0.00,0.00,0.0,0.0
26.330,52,0,100,0.0,0.0,6.800,0.756,38.0,33.0,0,0.0,100,100,100.0,126,100,158,100,51,51,0,0.000,6.569,0.000,0.000,6.800,0.756,0.0,0.0,0,22,4.500,4.491,14.6,0,0.0,0.0,0.0,0.0,0.0,0.0,100,0.0,0.0,4035,0.0,0.0,0.0,0.0,0.0,0.0,0.0,0.0,0.0,0.0,0.0,0.0,0.0,0.0,0.0,0.0,0.0,22,0,100.0,100.0,0.0,Off,Off,0.00,0.00,0.00,0.0,0.0
26.396,52,0,100,0.0,0.0,6.800,0.756,38.0,33.0,0,0.0,100,100,100.0,126,100,158,100,51,51,0,0.000,6.569,0.000,0.000,6.800,0.756,0.0,0.0,0,22,4.500,4.491,14.6,0,0.0,0.0,0.0,0.0,0.0,0.0,100,0.0,0.0,4035,0.0,0.0,0.0,0.0,0.0,0.0,0.0,0.0,0.0,0.0,0.0,0.0,0.0,0.0,0.0,0.0,0.0,22,0,100.0,100.0,0.0,Off,Off,0.00,0.00,0.00,0.0,0.0
26.465,52,0,100,0.0,0.0,6.800,0.756,38.0,33.0,0,0.0,100,100,100.0,126,100,158,100,51,51,0,0.000,6.569,0.000,0.000,6.800,0.756,0.0,0.0,0,22,4.500,4.491,14.6,0,0.0,0.0,0.0,0.0,0.0,0.0,100,0.0,0.0,4035,0.0,0.0,0.0,0.0,0.0,0.0,0.0,0.0,0.0,0.0,0.0,0.0,0.0,0.0,0.0,0.0,0.0,22,0,100.0,100.0,0.0,Off,Off,0.00,0.00,0.00,0.0,0.0
26.532,52,0,100,0.0,0.0,6.800,0.756,38.0,33.0,0,0.0,100,100,100.0,126,100,158,100,51,51,0,0.000,6.569,0.000,0.000,6.800,0.756,0.0,0.0,0,22,4.500,4.491,14.6,0,0.0,0.0,0.0,0.0,0.0,0.0,100,0.0,0.0,4035,0.0,0.0,0.0,0.0,0.0,0.0,0.0,0.0,0.0,0.0,0.0,0.0,0.0,0.0,0.0,0.0,0.0,22,0,100.0,100.0,0.0,Off,Off,0.00,0.00,0.00,0.0,0.0
26.598,52,0,100,0.0,0.0,6.800,0.756,38.0,33.0,0,0.0,100,100,100.0,126,100,158,100,51,51,0,0.000,6.569,0.000,0.000,6.800,0.756,0.0,0.0,0,22,4.500,4.491,14.6,0,0.0,0.0,0.0,0.0,0.0,0.0,100,0.0,0.0,4035,0.0,0.0,0.0,0.0,0.0,0.0,0.0,0.0,0.0,0.0,0.0,0.0,0.0,0.0,0.0,0.0,0.0,22,0,100.0,100.0,0.0,Off,Off,0.00,0.00,0.00,0.0,0.0
26.665,52,0,100,0.0,0.0,6.800,0.756,38.0,33.0,0,0.0,100,100,100.0,126,100,158,100,51,51,0,0.000,6.569,0.000,0.000,6.800,0.756,0.0,0.0,0,22,4.500,4.491,14.6,0,0.0,0.0,0.0,0.0,0.0,0.0,100,0.0,0.0,4035,0.0,0.0,0.0,0.0,0.0,0.0,0.0,0.0,0.0,0.0,0.0,0.0,0.0,0.0,0.0,0.0,0.0,22,0,100.0,100.0,0.0,Off,Off,0.00,0.00,0.00,0.0,0.0
26.733,52,0,100,0.0,0.0,6.800,0.756,38.0,33.0,0,0.0,100,100,100.0,126,100,158,100,51,51,0,0.000,6.569,0.000,0.000,6.800,0.756,0.0,0.0,0,22,4.500,4.491,14.6,0,0.0,0.0,0.0,0.0,0.0,0.0,100,0.0,0.0,4035,0.0,0.0,0.0,0.0,0.0,0.0,0.0,0.0,0.0,0.0,0.0,0.0,0.0,0.0,0.0,0.0,0.0,22,0,100.0,100.0,0.0,Off,Off,0.00,0.00,0.00,0.0,0.0
26.799,52,0,100,0.0,0.0,6.800,0.756,38.0,33.0,0,0.0,100,100,100.0,126,100,158,100,51,51,0,0.000,6.569,0.000,0.000,6.800,0.756,0.0,0.0,0,22,4.500,4.491,14.6,0,0.0,0.0,0.0,0.0,0.0,0.0,100,0.0,0.0,4035,0.0,0.0,0.0,0.0,0.0,0.0,0.0,0.0,0.0,0.0,0.0,0.0,0.0,0.0,0.0,0.0,0.0,22,0,100.0,100.0,0.0,Off,Off,0.00,0.00,0.00,0.0,0.0
26.865,53,0,100,0.0,0.0,6.800,0.756,38.0,33.0,0,0.0,100,100,100.0,126,100,158,100,51,51,0,0.000,6.569,0.000,0.000,6.800,0.756,0.0,0.0,0,22,4.500,4.491,14.6,0,0.0,0.0,0.0,0.0,0.0,0.0,100,0.0,0.0,4047,0.0,0.0,0.0,0.0,0.0,0.0,0.0,0.0,0.0,0.0,0.0,0.0,0.0,0.0,0.0,0.0,0.0,22,0,100.0,100.0,0.0,Off,Off,0.00,0.00,0.00,0.0,0.0
26.932,53,0,100,0.0,0.0,6.800,0.756,38.0,33.0,0,0.0,100,100,100.0,126,100,158,100,51,51,0,0.000,6.569,0.000,0.000,6.800,0.756,0.0,0.0,0,22,4.500,4.491,14.6,0,0.0,0.0,0.0,0.0,0.0,0.0,100,0.0,0.0,4047,0.0,0.0,0.0,0.0,0.0,0.0,0.0,0.0,0.0,0.0,0.0,0.0,0.0,0.0,0.0,0.0,0.0,22,0,100.0,100.0,0.0,Off,Off,0.00,0.00,0.00,0.0,0.0
26.996,53,0,100,0.0,0.0,6.800,0.756,38.0,33.0,0,0.0,100,100,100.0,126,100,158,100,51,51,0,0.000,6.569,0.000,0.000,6.800,0.756,0.0,0.0,0,22,4.500,4.491,14.6,0,0.0,0.0,0.0,0.0,0.0,0.0,100,0.0,0.0,4047,0.0,0.0,0.0,0.0,0.0,0.0,0.0,0.0,0.0,0.0,0.0,0.0,0.0,0.0,0.0,0.0,0.0,22,0,100.0,100.0,0.0,Off,Off,0.00,0.00,0.00,0.0,0.0
27.063,53,0,100,0.0,0.0,6.800,0.756,38.0,33.0,0,0.0,100,100,100.0,126,100,158,100,51,51,0,0.000,6.569,0.000,0.000,6.800,0.756,0.0,0.0,0,22,4.500,4.491,14.6,0,0.0,0.0,0.0,0.0,0.0,0.0,100,0.0,0.0,4047,0.0,0.0,0.0,0.0,0.0,0.0,0.0,0.0,0.0,0.0,0.0,0.0,0.0,0.0,0.0,0.0,0.0,22,0,100.0,100.0,0.0,Off,Off,0.00,0.00,0.00,0.0,0.0
27.132,53,0,100,0.0,0.0,6.800,0.756,38.0,33.0,0,0.0,100,100,100.0,126,100,158,100,51,51,0,0.000,6.569,0.000,0.000,6.800,0.756,0.0,0.0,0,22,4.500,4.491,14.6,0,0.0,0.0,0.0,0.0,0.0,0.0,100,0.0,0.0,4047,0.0,0.0,0.0,0.0,0.0,0.0,0.0,0.0,0.0,0.0,0.0,0.0,0.0,0.0,0.0,0.0,0.0,22,0,100.0,100.0,0.0,Off,Off,0.00,0.00,0.00,0.0,0.0
27.199,53,0,99,0.0,0.0,6.800,0.756,38.0,33.0,0,0.0,100,100,100.0,126,100,158,100,51,51,0,0.000,6.569,0.000,0.000,6.800,0.756,0.0,0.0,0,22,4.500,4.491,14.6,0,-0.1,0.0,0.0,0.0,0.0,0.0,100,0.0,0.0,4047,0.0,0.0,0.0,0.0,0.0,0.0,0.0,0.0,0.0,0.0,0.0,0.0,0.0,0.0,0.0,0.0,0.0,22,0,99.0,99.0,0.0,Off,Off,0.00,0.00,0.00,0.0,0.0
27.261,53,0,100,0.0,0.0,6.800,0.756,38.0,33.0,0,0.0,100,100,100.0,126,100,158,100,51,51,0,0.000,6.569,0.000,0.000,6.800,0.756,0.0,0.0,0,22,4.500,4.491,14.6,0,0.0,0.0,0.0,0.0,0.0,0.0,100,0.0,0.0,4047,0.0,0.0,0.0,0.0,0.0,0.0,0.0,0.0,0.0,0.0,0.0,0.0,0.0,0.0,0.0,0.0,0.0,22,0,100.0,100.0,0.0,Off,Off,0.00,0.00,0.00,0.0,0.0
27.329,53,0,100,0.0,0.0,6.800,0.756,38.0,33.0,0,0.0,100,100,100.0,126,100,158,100,51,51,0,0.000,6.569,0.000,0.000,6.800,0.756,0.0,0.0,0,22,4.500,4.491,14.6,0,0.0,0.0,0.0,0.0,0.0,0.0,100,0.0,0.0,4047,0.0,0.0,0.0,0.0,0.0,0.0,0.0,0.0,0.0,0.0,0.0,0.0,0.0,0.0,0.0,0.0,0.0,22,0,100.0,100.0,0.0,Off,Off,0.00,0.00,0.00,0.0,0.0
27.398,53,0,100,0.0,0.0,6.800,0.756,38.0,33.0,0,0.0,100,100,100.0,126,100,158,100,51,51,0,0.000,6.569,0.000,0.000,6.800,0.756,0.0,0.0,0,22,4.500,4.491,14.6,0,0.0,0.0,0.0,0.0,0.0,0.0,100,0.0,0.0,4047,0.0,0.0,0.0,0.0,0.0,0.0,0.0,0.0,0.0,0.0,0.0,0.0,0.0,0.0,0.0,0.0,0.0,22,0,100.0,100.0,0.0,Off,Off,0.00,0.00,0.00,0.0,0.0
27.466,53,0,100,0.0,0.0,6.800,0.756,38.0,33.0,0,0.0,100,100,100.0,126,100,158,100,51,51,0,0.000,6.569,0.000,0.000,6.800,0.756,0.0,0.0,0,22,4.500,4.491,14.6,0,0.0,0.0,0.0,0.0,0.0,0.0,100,0.0,0.0,4047,0.0,0.0,0.0,0.0,0.0,0.0,0.0,0.0,0.0,0.0,0.0,0.0,0.0,0.0,0.0,0.0,0.0,22,0,100.0,100.0,0.0,Off,Off,0.00,0.00,0.00,0.0,0.0
27.531,53,0,100,0.0,0.0,6.800,0.756,38.0,33.0,0,0.0,100,100,100.0,126,100,158,100,51,51,0,0.000,6.569,0.000,0.000,6.800,0.756,0.0,0.0,0,22,4.500,4.491,14.6,0,0.0,0.0,0.0,0.0,0.0,0.0,100,0.0,0.0,4047,0.0,0.0,0.0,0.0,0.0,0.0,0.0,0.0,0.0,0.0,0.0,0.0,0.0,0.0,0.0,0.0,0.0,22,0,100.0,100.0,0.0,Off,Off,0.00,0.00,0.00,0.0,0.0
27.594,53,0,100,0.0,0.0,6.800,0.756,38.0,33.0,0,0.0,100,100,100.0,126,100,158,100,51,51,0,0.000,6.569,0.000,0.000,6.800,0.756,0.0,0.0,0,22,4.500,4.491,14.6,0,0.0,0.0,0.0,0.0,0.0,0.0,100,0.0,0.0,4047,0.0,0.0,0.0,0.0,0.0,0.0,0.0,0.0,0.0,0.0,0.0,0.0,0.0,0.0,0.0,0.0,0.0,22,0,100.0,100.0,0.0,Off,Off,0.00,0.00,0.00,0.0,0.0
27.661,53,0,100,0.0,0.0,6.800,0.756,38.0,33.0,0,0.0,100,100,100.0,126,100,158,100,51,51,0,0.000,6.569,0.000,0.000,6.800,0.756,0.0,0.0,0,22,4.500,4.491,14.6,0,0.0,0.0,0.0,0.0,0.0,0.0,100,0.0,0.0,4047,0.0,0.0,0.0,0.0,0.0,0.0,0.0,0.0,0.0,0.0,0.0,0.0,0.0,0.0,0.0,0.0,0.0,22,0,100.0,100.0,0.0,Off,Off,0.00,0.00,0.00,0.0,0.0
27.730,53,0,100,0.0,0.0,6.800,0.756,38.0,33.0,0,0.0,100,100,100.0,126,100,158,100,51,51,0,0.000,6.569,0.000,0.000,6.800,0.756,0.0,0.0,0,22,4.500,4.491,14.6,0,0.0,0.0,0.0,0.0,0.0,0.0,100,0.0,0.0,4047,0.0,0.0,0.0,0.0,0.0,0.0,0.0,0.0,0.0,0.0,0.0,0.0,0.0,0.0,0.0,0.0,0.0,22,0,100.0,100.0,0.0,Off,Off,0.00,0.00,0.00,0.0,0.0
27.799,53,0,100,0.0,0.0,6.800,0.756,38.0,33.0,0,0.0,100,100,100.0,126,100,158,100,51,51,0,0.000,6.569,0.000,0.000,6.800,0.756,0.0,0.0,0,22,4.500,4.491,14.6,0,0.0,0.0,0.0,0.0,0.0,0.0,100,0.0,0.0,4047,0.0,0.0,0.0,0.0,0.0,0.0,0.0,0.0,0.0,0.0,0.0,0.0,0.0,0.0,0.0,0.0,0.0,22,0,100.0,100.0,0.0,Off,Off,0.00,0.00,0.00,0.0,0.0
27.864,53,0,100,0.0,0.0,6.800,0.756,38.0,33.0,0,0.0,100,100,100.0,126,100,158,100,51,51,0,0.000,6.569,0.000,0.000,6.800,0.756,0.0,0.0,0,22,4.500,4.491,14.6,0,0.0,0.0,0.0,0.0,0.0,0.0,100,0.0,0.0,4047,0.0,0.0,0.0,0.0,0.0,0.0,0.0,0.0,0.0,0.0,0.0,0.0,0.0,0.0,0.0,0.0,0.0,22,0,100.0,100.0,0.0,Off,Off,0.00,0.00,0.00,0.0,0.0
27.932,54,0,100,0.0,0.0,6.800,0.756,38.0,33.0,0,0.0,100,100,100.0,126,100,158,100,51,51,0,0.000,6.569,0.000,0.000,6.800,0.756,0.0,0.0,0,22,4.500,4.491,14.6,0,0.0,0.0,0.0,0.0,0.0,0.0,100,0.0,0.0,4033,0.0,0.0,0.0,0.0,0.0,0.0,0.0,0.0,0.0,0.0,0.0,0.0,0.0,0.0,0.0,0.0,0.0,22,0,100.0,100.0,0.0,Off,Off,0.00,0.00,0.00,0.0,0.0
27.998,54,0,100,0.0,0.0,6.800,0.756,38.0,33.0,0,0.0,100,100,100.0,126,100,158,100,51,51,0,0.000,6.569,0.000,0.000,6.800,0.756,0.0,0.0,0,22,4.500,4.491,14.6,0,0.0,0.0,0.0,0.0,0.0,0.0,100,0.0,0.0,4033,0.0,0.0,0.0,0.0,0.0,0.0,0.0,0.0,0.0,0.0,0.0,0.0,0.0,0.0,0.0,0.0,0.0,22,0,100.0,100.0,0.0,Off,Off,0.00,0.00,0.00,0.0,0.0
28.063,54,0,100,0.0,0.0,6.800,0.756,38.0,33.0,0,0.0,100,100,100.0,126,100,158,100,51,51,0,0.000,6.569,0.000,0.000,6.800,0.756,0.0,0.0,0,22,4.500,4.491,14.6,0,0.0,0.0,0.0,0.0,0.0,0.0,100,0.0,0.0,4033,0.0,0.0,0.0,0.0,0.0,0.0,0.0,0.0,0.0,0.0,0.0,0.0,0.0,0.0,0.0,0.0,0.0,22,0,100.0,100.0,0.0,Off,Off,0.00,0.00,0.00,0.0,0.0
28.131,54,0,100,0.0,0.0,6.800,0.756,38.0,33.0,0,0.0,100,100,100.0,126,100,158,100,51,51,0,0.000,6.569,0.000,0.000,6.800,0.756,0.0,0.0,0,22,4.500,4.491,14.6,0,0.0,0.0,0.0,0.0,0.0,0.0,100,0.0,0.0,4033,0.0,0.0,0.0,0.0,0.0,0.0,0.0,0.0,0.0,0.0,0.0,0.0,0.0,0.0,0.0,0.0,0.0,22,0,100.0,100.0,0.0,Off,Off,0.00,0.00,0.00,0.0,0.0
28.199,54,0,100,0.0,0.0,6.800,0.756,38.0,33.0,0,0.0,100,100,100.0,126,100,158,100,51,51,0,0.000,6.569,0.000,0.000,6.800,0.756,0.0,0.0,0,22,4.500,4.491,14.6,0,0.0,0.0,0.0,0.0,0.0,0.0,100,0.0,0.0,4033,0.0,0.0,0.0,0.0,0.0,0.0,0.0,0.0,0.0,0.0,0.0,0.0,0.0,0.0,0.0,0.0,0.0,22,0,100.0,100.0,0.0,Off,Off,0.00,0.00,0.00,0.0,0.0
28.267,54,0,100,0.0,0.0,6.800,0.756,38.0,33.0,0,0.0,100,100,100.0,126,100,158,100,51,51,0,0.000,6.569,0.000,0.000,6.800,0.756,0.0,0.0,0,22,4.500,4.491,14.6,0,0.0,0.0,0.0,0.0,0.0,0.0,100,0.0,0.0,4033,0.0,0.0,0.0,0.0,0.0,0.0,0.0,0.0,0.0,0.0,0.0,0.0,0.0,0.0,0.0,0.0,0.0,22,0,100.0,100.0,0.0,Off,Off,0.00,0.00,0.00,0.0,0.0
28.334,54,0,100,0.0,0.0,6.800,0.756,38.0,33.0,0,0.0,100,100,100.0,126,100,158,100,51,51,0,0.000,6.569,0.000,0.000,6.800,0.756,0.0,0.0,0,22,4.500,4.491,14.6,0,0.0,0.0,0.0,0.0,0.0,0.0,100,0.0,0.0,4033,0.0,0.0,0.0,0.0,0.0,0.0,0.0,0.0,0.0,0.0,0.0,0.0,0.0,0.0,0.0,0.0,0.0,22,0,100.0,100.0,0.0,Off,Off,0.00,0.00,0.00,0.0,0.0
28.400,54,0,100,0.0,0.0,6.800,0.756,38.0,33.0,0,0.0,100,100,100.0,126,100,158,100,51,51,0,0.000,6.569,0.000,0.000,6.800,0.756,0.0,0.0,0,22,4.500,4.491,14.6,0,0.0,0.0,0.0,0.0,0.0,0.0,100,0.0,0.0,4033,0.0,0.0,0.0,0.0,0.0,0.0,0.0,0.0,0.0,0.0,0.0,0.0,0.0,0.0,0.0,0.0,0.0,22,0,100.0,100.0,0.0,Off,Off,0.00,0.00,0.00,0.0,0.0
28.467,54,0,100,0.0,0.0,6.800,0.756,38.0,33.0,0,0.0,100,100,100.0,126,100,158,100,51,51,0,0.000,6.569,0.000,0.000,6.800,0.756,0.0,0.0,0,22,4.500,4.491,14.6,0,0.0,0.0,0.0,0.0,0.0,0.0,100,0.0,0.0,4033,0.0,0.0,0.0,0.0,0.0,0.0,0.0,0.0,0.0,0.0,0.0,0.0,0.0,0.0,0.0,0.0,0.0,22,0,100.0,100.0,0.0,Off,Off,0.00,0.00,0.00,0.0,0.0
28.535,54,0,100,0.0,0.0,6.800,0.756,38.0,33.0,0,0.0,100,100,100.0,126,100,158,100,51,51,0,0.000,6.569,0.000,0.000,6.800,0.756,0.0,0.0,0,22,4.500,4.491,14.6,0,0.0,0.0,0.0,0.0,0.0,0.0,100,0.0,0.0,4033,0.0,0.0,0.0,0.0,0.0,0.0,0.0,0.0,0.0,0.0,0.0,0.0,0.0,0.0,0.0,0.0,0.0,22,0,100.0,100.0,0.0,Off,Off,0.00,0.00,0.00,0.0,0.0
28.600,54,0,100,0.0,0.0,6.800,0.756,38.0,33.0,0,0.0,100,100,100.0,126,100,158,100,51,51,0,0.000,6.569,0.000,0.000,6.800,0.756,0.0,0.0,0,22,4.500,4.491,14.6,0,0.0,0.0,0.0,0.0,0.0,0.0,100,0.0,0.0,4033,0.0,0.0,0.0,0.0,0.0,0.0,0.0,0.0,0.0,0.0,0.0,0.0,0.0,0.0,0.0,0.0,0.0,22,0,100.0,100.0,0.0,Off,Off,0.00,0.00,0.00,0.0,0.0
28.665,54,0,100,0.0,0.0,6.800,0.756,38.0,33.0,0,0.0,100,100,100.0,126,100,158,100,51,51,0,0.000,6.569,0.000,0.000,6.800,0.756,0.0,0.0,0,22,4.500,4.491,14.6,0,0.0,0.0,0.0,0.0,0.0,0.0,100,0.0,0.0,4033,0.0,0.0,0.0,0.0,0.0,0.0,0.0,0.0,0.0,0.0,0.0,0.0,0.0,0.0,0.0,0.0,0.0,22,0,100.0,100.0,0.0,Off,Off,0.00,0.00,0.00,0.0,0.0
28.732,54,0,100,0.0,0.0,6.800,0.756,38.0,33.0,0,0.0,100,100,100.0,126,100,158,100,51,51,0,0.000,6.569,0.000,0.000,6.800,0.756,0.0,0.0,0,22,4.500,4.491,14.6,0,0.0,0.0,0.0,0.0,0.0,0.0,100,0.0,0.0,4033,0.0,0.0,0.0,0.0,0.0,0.0,0.0,0.0,0.0,0.0,0.0,0.0,0.0,0.0,0.0,0.0,0.0,22,0,100.0,100.0,0.0,Off,Off,0.00,0.00,0.00,0.0,0.0
28.799,54,0,100,0.0,0.0,6.800,0.756,38.0,33.0,0,0.0,100,100,100.0,126,100,158,100,51,51,0,0.000,6.569,0.000,0.000,6.800,0.756,0.0,0.0,0,22,4.500,4.491,14.6,0,0.0,0.0,0.0,0.0,0.0,0.0,100,0.0,0.0,4033,0.0,0.0,0.0,0.0,0.0,0.0,0.0,0.0,0.0,0.0,0.0,0.0,0.0,0.0,0.0,0.0,0.0,22,0,100.0,100.0,0.0,Off,Off,0.00,0.00,0.00,0.0,0.0
28.866,54,0,100,0.0,0.0,6.800,0.756,38.0,33.0,0,0.0,100,100,100.0,126,100,158,100,51,51,0,0.000,6.569,0.000,0.000,6.800,0.756,0.0,0.0,0,22,4.500,4.491,14.6,0,0.0,0.0,0.0,0.0,0.0,0.0,100,0.0,0.0,4033,0.0,0.0,0.0,0.0,0.0,0.0,0.0,0.0,0.0,0.0,0.0,0.0,0.0,0.0,0.0,0.0,0.0,22,0,100.0,100.0,0.0,Off,Off,0.00,0.00,0.00,0.0,0.0
28.933,54,0,100,0.0,0.0,6.800,0.756,38.0,33.0,0,0.0,100,100,100.0,126,100,158,100,51,51,0,0.000,6.569,0.000,0.000,6.800,0.756,0.0,0.0,0,22,4.500,4.491,14.6,0,0.0,0.0,0.0,0.0,0.0,0.0,100,0.0,0.0,4033,0.0,0.0,0.0,0.0,0.0,0.0,0.0,0.0,0.0,0.0,0.0,0.0,0.0,0.0,0.0,0.0,0.0,22,0,100.0,100.0,0.0,Off,Off,0.00,0.00,0.00,0.0,0.0
29.016,55,0,100,0.0,0.0,6.800,0.756,38.0,33.0,0,0.0,100,100,100.0,126,100,158,100,51,51,0,0.000,6.569,0.000,0.000,6.800,0.756,0.0,0.0,0,22,4.500,4.491,14.6,0,0.0,0.0,0.0,0.0,0.0,0.0,100,0.0,0.0,4061,0.0,0.0,0.0,0.0,0.0,0.0,0.0,0.0,0.0,0.0,0.0,0.0,0.0,0.0,0.0,0.0,0.0,22,0,100.0,100.0,0.0,Off,Off,0.00,0.00,0.00,0.0,0.0
29.077,55,0,100,0.0,0.0,6.800,0.756,38.0,33.0,0,0.0,100,100,100.0,126,100,158,100,51,51,0,0.000,6.569,0.000,0.000,6.800,0.756,0.0,0.0,0,22,4.500,4.491,14.6,0,0.0,0.0,0.0,0.0,0.0,0.0,100,0.0,0.0,4061,0.0,0.0,0.0,0.0,0.0,0.0,0.0,0.0,0.0,0.0,0.0,0.0,0.0,0.0,0.0,0.0,0.0,22,0,100.0,100.0,0.0,Off,Off,0.00,0.00,0.00,0.0,0.0
29.136,55,0,100,0.0,0.0,6.800,0.756,38.0,33.0,0,0.0,100,100,100.0,126,100,158,100,51,51,0,0.000,6.569,0.000,0.000,6.800,0.756,0.0,0.0,0,22,4.500,4.491,14.6,0,0.0,0.0,0.0,0.0,0.0,0.0,100,0.0,0.0,4061,0.0,0.0,0.0,0.0,0.0,0.0,0.0,0.0,0.0,0.0,0.0,0.0,0.0,0.0,0.0,0.0,0.0,22,0,100.0,100.0,0.0,Off,Off,0.00,0.00,0.00,0.0,0.0
29.201,55,0,100,0.0,0.0,6.800,0.756,38.0,33.0,0,0.0,100,100,100.0,126,100,158,100,51,51,0,0.000,6.569,0.000,0.000,6.800,0.756,0.0,0.0,0,22,4.500,4.491,14.6,0,0.0,0.0,0.0,0.0,0.0,0.0,100,0.0,0.0,4061,0.0,0.0,0.0,0.0,0.0,0.0,0.0,0.0,0.0,0.0,0.0,0.0,0.0,0.0,0.0,0.0,0.0,22,0,100.0,100.0,0.0,Off,Off,0.00,0.00,0.00,0.0,0.0
29.268,55,0,100,0.0,0.0,6.800,0.756,38.0,33.0,0,0.0,100,100,100.0,126,100,158,100,51,51,0,0.000,6.569,0.000,0.000,6.800,0.756,0.0,0.0,0,22,4.500,4.491,14.6,0,0.0,0.0,0.0,0.0,0.0,0.0,100,0.0,0.0,4061,0.0,0.0,0.0,0.0,0.0,0.0,0.0,0.0,0.0,0.0,0.0,0.0,0.0,0.0,0.0,0.0,0.0,22,0,100.0,100.0,0.0,Off,Off,0.00,0.00,0.00,0.0,0.0
29.334,55,0,100,0.0,0.0,6.700,0.744,38.0,33.0,0,0.0,100,100,100.0,126,100,158,100,51,51,0,0.000,6.569,0.000,0.000,6.800,0.756,0.0,0.0,0,22,4.500,4.491,14.6,0,0.0,0.0,0.0,0.0,0.0,0.0,100,0.0,0.0,4061,0.0,0.0,0.0,0.0,0.0,0.0,0.0,0.0,0.0,0.0,0.0,0.0,0.0,0.0,0.0,0.0,0.0,22,0,100.0,100.0,0.0,Off,Off,0.00,0.00,0.00,0.0,0.0
29.396,55,0,100,0.0,0.0,6.800,0.756,38.0,33.0,0,0.0,100,100,100.0,126,100,158,100,51,51,0,0.000,6.569,0.000,0.000,6.800,0.756,0.0,0.0,0,22,4.500,4.491,14.6,0,0.0,0.0,0.0,0.0,0.0,0.0,100,0.0,0.0,4061,0.0,0.0,0.0,0.0,0.0,0.0,0.0,0.0,0.0,0.0,0.0,0.0,0.0,0.0,0.0,0.0,0.0,22,0,100.0,100.0,0.0,Off,Off,0.00,0.00,0.00,0.0,0.0
29.465,55,0,100,0.0,0.0,6.800,0.756,38.0,33.0,0,0.0,100,100,100.0,126,100,158,100,51,51,0,0.000,6.569,0.000,0.000,6.800,0.756,0.0,0.0,0,22,4.500,4.491,14.6,0,0.0,0.0,0.0,0.0,0.0,0.0,100,0.0,0.0,4061,0.0,0.0,0.0,0.0,0.0,0.0,0.0,0.0,0.0,0.0,0.0,0.0,0.0,0.0,0.0,0.0,0.0,22,0,100.0,100.0,0.0,Off,Off,0.00,0.00,0.00,0.0,0.0
29.532,55,0,100,0.0,0.0,6.800,0.756,38.0,33.0,0,0.0,100,100,100.0,126,100,158,100,51,51,0,0.000,6.569,0.000,0.000,6.800,0.756,0.0,0.0,0,22,4.500,4.491,14.6,0,0.0,0.0,0.0,0.0,0.0,0.0,100,0.0,0.0,4061,0.0,0.0,0.0,0.0,0.0,0.0,0.0,0.0,0.0,0.0,0.0,0.0,0.0,0.0,0.0,0.0,0.0,22,0,100.0,100.0,0.0,Off,Off,0.00,0.00,0.00,0.0,0.0
29.597,55,0,100,0.0,0.0,6.800,0.756,38.0,33.0,0,0.0,100,100,100.0,126,100,158,100,51,51,0,0.000,6.569,0.000,0.000,6.800,0.756,0.0,0.0,0,22,4.500,4.491,14.6,0,0.0,0.0,0.0,0.0,0.0,0.0,100,0.0,0.0,4061,0.0,0.0,0.0,0.0,0.0,0.0,0.0,0.0,0.0,0.0,0.0,0.0,0.0,0.0,0.0,0.0,0.0,22,0,100.0,100.0,0.0,Off,Off,0.00,0.00,0.00,0.0,0.0
29.665,55,0,100,0.0,0.0,6.800,0.756,38.0,33.0,0,0.0,100,100,100.0,126,100,158,100,51,51,0,0.000,6.569,0.000,0.000,6.800,0.756,0.0,0.0,0,22,4.500,4.491,14.6,0,0.0,0.0,0.0,0.0,0.0,0.0,100,0.0,0.0,4061,0.0,0.0,0.0,0.0,0.0,0.0,0.0,0.0,0.0,0.0,0.0,0.0,0.0,0.0,0.0,0.0,0.0,22,0,100.0,100.0,0.0,Off,Off,0.00,0.00,0.00,0.0,0.0
29.733,55,0,100,0.0,0.0,6.800,0.756,38.0,33.0,0,0.0,100,100,100.0,126,100,158,100,51,51,0,0.000,6.569,0.000,0.000,6.800,0.756,0.0,0.0,0,22,4.500,4.491,14.6,0,0.0,0.0,0.0,0.0,0.0,0.0,100,0.0,0.0,4061,0.0,0.0,0.0,0.0,0.0,0.0,0.0,0.0,0.0,0.0,0.0,0.0,0.0,0.0,0.0,0.0,0.0,22,0,100.0,100.0,0.0,Off,Off,0.00,0.00,0.00,0.0,0.0
29.797,55,0,100,0.0,0.0,6.800,0.756,38.0,33.0,0,0.0,100,100,100.0,126,100,158,100,51,51,0,0.000,6.569,0.000,0.000,6.800,0.756,0.0,0.0,0,22,4.500,4.491,14.6,0,0.0,0.0,0.0,0.0,0.0,0.0,100,0.0,0.0,4061,0.0,0.0,0.0,0.0,0.0,0.0,0.0,0.0,0.0,0.0,0.0,0.0,0.0,0.0,0.0,0.0,0.0,22,0,100.0,100.0,0.0,Off,Off,0.00,0.00,0.00,0.0,0.0
29.864,55,0,100,0.0,0.0,6.800,0.756,38.0,33.0,0,0.0,100,100,100.0,126,100,158,100,51,51,0,0.000,6.569,0.000,0.000,6.800,0.756,0.0,0.0,0,22,4.500,4.491,14.6,0,0.0,0.0,0.0,0.0,0.0,0.0,100,0.0,0.0,4061,0.0,0.0,0.0,0.0,0.0,0.0,0.0,0.0,0.0,0.0,0.0,0.0,0.0,0.0,0.0,0.0,0.0,22,0,100.0,100.0,0.0,Off,Off,0.00,0.00,0.00,0.0,0.0
29.932,55,0,100,0.0,0.0,6.800,0.756,38.0,33.0,0,0.0,100,100,100.0,126,100,158,100,51,51,0,0.000,6.569,0.000,0.000,6.800,0.756,0.0,0.0,0,22,4.500,4.491,14.6,0,0.0,0.0,0.0,0.0,0.0,0.0,100,0.0,0.0,4061,0.0,0.0,0.0,0.0,0.0,0.0,0.0,0.0,0.0,0.0,0.0,0.0,0.0,0.0,0.0,0.0,0.0,22,0,100.0,100.0,0.0,Off,Off,0.00,0.00,0.00,0.0,0.0
29.997,56,0,100,0.0,0.0,6.800,0.756,38.0,33.0,0,0.0,100,100,100.0,126,100,158,100,51,51,0,0.000,6.569,0.000,0.000,6.800,0.756,0.0,0.0,0,22,4.500,4.491,14.6,0,0.0,0.0,0.0,0.0,0.0,0.0,100,0.0,0.0,4051,0.0,0.0,0.0,0.0,0.0,0.0,0.0,0.0,0.0,0.0,0.0,0.0,0.0,0.0,0.0,0.0,0.0,22,0,100.0,100.0,0.0,Off,Off,0.00,0.00,0.00,0.0,0.0
30.063,56,0,100,0.0,0.0,6.800,0.756,38.0,33.0,0,0.0,100,100,100.0,126,100,158,100,51,51,0,0.000,6.569,0.000,0.000,6.800,0.756,0.0,0.0,0,22,4.500,4.491,14.6,0,0.0,0.0,0.0,0.0,0.0,0.0,100,0.0,0.0,4051,0.0,0.0,0.0,0.0,0.0,0.0,0.0,0.0,0.0,0.0,0.0,0.0,0.0,0.0,0.0,0.0,0.0,22,0,100.0,100.0,0.0,Off,Off,0.00,0.00,0.00,0.0,0.0
30.132,56,0,100,0.0,0.0,6.800,0.756,38.0,33.0,0,0.0,100,100,100.0,126,100,158,100,51,51,0,0.000,6.569,0.000,0.000,6.800,0.756,0.0,0.0,0,22,4.500,4.491,14.6,0,0.0,0.0,0.0,0.0,0.0,0.0,100,0.0,0.0,4051,0.0,0.0,0.0,0.0,0.0,0.0,0.0,0.0,0.0,0.0,0.0,0.0,0.0,0.0,0.0,0.0,0.0,22,0,100.0,100.0,0.0,Off,Off,0.00,0.00,0.00,0.0,0.0
30.198,56,0,100,0.0,0.0,6.800,0.756,38.0,33.0,0,0.0,100,100,100.0,126,100,158,100,51,51,0,0.000,6.569,0.000,0.000,6.800,0.756,0.0,0.0,0,22,4.500,4.491,14.6,0,0.0,0.0,0.0,0.0,0.0,0.0,100,0.0,0.0,4051,0.0,0.0,0.0,0.0,0.0,0.0,0.0,0.0,0.0,0.0,0.0,0.0,0.0,0.0,0.0,0.0,0.0,22,0,100.0,100.0,0.0,Off,Off,0.00,0.00,0.00,0.0,0.0
30.265,56,0,100,0.0,0.0,6.800,0.756,38.0,33.0,0,0.0,100,100,100.0,126,100,158,100,51,51,0,0.000,6.569,0.000,0.000,6.800,0.756,0.0,0.0,0,22,4.500,4.491,14.6,0,0.0,0.0,0.0,0.0,0.0,0.0,100,0.0,0.0,4051,0.0,0.0,0.0,0.0,0.0,0.0,0.0,0.0,0.0,0.0,0.0,0.0,0.0,0.0,0.0,0.0,0.0,22,0,100.0,100.0,0.0,Off,Off,0.00,0.00,0.00,0.0,0.0
30.328,56,0,100,0.0,0.0,6.800,0.756,38.0,33.0,0,0.0,100,100,100.0,126,100,158,100,51,51,0,0.000,6.569,0.000,0.000,6.800,0.756,0.0,0.0,0,22,4.500,4.491,14.6,0,0.0,0.0,0.0,0.0,0.0,0.0,100,0.0,0.0,4051,0.0,0.0,0.0,0.0,0.0,0.0,0.0,0.0,0.0,0.0,0.0,0.0,0.0,0.0,0.0,0.0,0.0,22,0,100.0,100.0,0.0,Off,Off,0.00,0.00,0.00,0.0,0.0
30.397,56,0,100,0.0,0.0,5.900,0.656,38.0,33.0,0,0.0,100,100,100.0,126,100,158,100,51,51,0,0.000,6.569,0.000,0.000,6.800,0.756,0.0,0.0,0,22,4.500,4.491,14.6,0,0.0,0.0,0.0,0.0,0.0,0.0,100,0.0,0.0,4051,0.0,0.0,0.0,0.0,0.0,0.0,0.0,0.0,0.0,0.0,0.0,0.0,0.0,0.0,0.0,0.0,0.0,22,0,100.0,100.0,0.0,Off,Off,0.00,0.00,0.00,0.0,0.0
30.464,56,0,100,0.0,0.0,5.200,0.578,38.0,33.0,0,0.0,100,100,100.0,126,100,158,100,51,51,0,0.000,6.569,0.000,0.000,6.800,0.756,0.0,0.0,0,22,4.500,4.491,14.6,0,0.0,0.0,0.0,0.0,0.0,0.0,100,0.0,0.0,4051,0.0,0.0,0.0,0.0,0.0,0.0,0.0,0.0,0.0,0.0,0.0,0.0,0.0,0.0,0.0,0.0,0.0,22,0,100.0,100.0,0.0,Off,Off,0.00,0.00,0.00,0.0,0.0
30.529,56,0,100,0.0,0.0,5.000,0.556,38.0,33.0,0,0.0,100,100,100.0,126,100,158,100,51,51,0,0.000,6.569,0.000,0.000,6.800,0.756,0.0,0.0,0,22,4.500,4.491,7.8,0,0.0,0.0,0.0,0.0,0.0,0.0,100,0.0,0.0,4051,0.0,0.0,0.0,0.0,0.0,0.0,0.0,0.0,0.0,0.0,0.0,0.0,0.0,0.0,0.0,0.0,0.0,22,0,100.0,100.0,0.0,Off,Off,0.00,0.00,0.00,0.0,0.0
30.596,56,0,100,0.0,0.0,5.000,0.556,38.0,33.0,0,0.0,100,100,100.0,126,100,158,100,51,51,0,0.000,6.569,0.000,0.000,6.800,0.756,0.0,0.0,0,22,4.500,4.491,7.8,0,0.0,0.0,0.0,0.0,0.0,0.0,100,0.0,0.0,4051,0.0,0.0,0.0,0.0,0.0,0.0,0.0,0.0,0.0,0.0,0.0,0.0,0.0,0.0,0.0,0.0,0.0,22,0,100.0,100.0,0.0,Off,Off,0.00,0.00,0.00,0.0,0.0
30.664,56,0,100,0.0,0.0,5.000,0.556,38.0,33.0,0,0.0,100,100,100.0,126,100,158,100,51,51,0,0.000,6.569,0.000,0.000,6.800,0.756,0.0,0.0,0,22,4.500,4.491,7.8,0,0.0,0.0,0.0,0.0,0.0,0.0,100,0.0,0.0,4051,0.0,0.0,0.0,0.0,0.0,0.0,0.0,0.0,0.0,0.0,0.0,0.0,0.0,0.0,0.0,0.0,0.0,22,0,100.0,100.0,0.0,Off,Off,0.00,0.00,0.00,0.0,0.0
30.732,56,0,100,0.0,0.0,5.000,0.556,38.0,33.0,0,0.0,100,100,100.0,126,100,158,100,51,51,0,0.000,6.569,0.000,0.000,6.800,0.756,0.0,0.0,0,22,4.500,4.491,7.8,0,0.0,0.0,0.0,0.0,0.0,0.0,100,0.0,0.0,4051,0.0,0.0,0.0,0.0,0.0,0.0,0.0,0.0,0.0,0.0,0.0,0.0,0.0,0.0,0.0,0.0,0.0,22,0,100.0,100.0,0.0,Off,Off,0.00,0.00,0.00,0.0,0.0
30.800,56,0,100,0.0,0.0,5.000,0.556,38.0,33.0,0,0.0,100,100,100.0,126,100,158,100,51,51,0,0.000,6.569,0.000,0.000,6.800,0.756,0.0,0.0,0,22,4.500,4.491,4.1,0,0.0,0.0,0.0,0.0,0.0,0.0,100,0.0,0.0,4051,0.0,0.0,0.0,0.0,0.0,0.0,0.0,0.0,0.0,0.0,0.0,0.0,0.0,0.0,0.0,0.0,0.0,22,0,100.0,100.0,0.0,Off,Off,0.00,0.00,0.00,0.0,0.0
30.867,56,0,100,0.0,0.0,5.000,0.556,38.0,33.0,0,0.0,100,100,100.0,126,100,158,100,51,51,0,0.000,6.569,0.000,0.000,6.800,0.756,0.0,0.0,0,22,4.500,4.491,4.1,0,0.0,0.0,0.0,0.0,0.0,0.0,100,0.0,0.0,4051,0.0,0.0,0.0,0.0,0.0,0.0,0.0,0.0,0.0,0.0,0.0,0.0,0.0,0.0,0.0,0.0,0.0,22,0,100.0,100.0,0.0,Off,Off,0.00,0.00,0.00,0.0,0.0
30.930,56,0,100,0.0,0.0,5.000,0.556,38.0,33.0,0,0.0,100,100,100.0,126,100,158,100,51,51,0,0.000,6.569,0.000,0.000,6.800,0.756,0.0,0.0,0,22,4.500,4.491,4.1,0,0.0,0.0,0.0,0.0,0.0,0.0,100,0.0,0.0,4051,0.0,0.0,0.0,0.0,0.0,0.0,0.0,0.0,0.0,0.0,0.0,0.0,0.0,0.0,0.0,0.0,0.0,22,0,100.0,100.0,0.0,Off,Off,0.00,0.00,0.00,0.0,0.0
30.996,56,0,100,0.0,0.0,5.000,0.556,38.0,33.0,0,0.0,100,100,100.0,126,100,158,100,51,51,0,0.000,6.569,0.000,0.000,6.800,0.756,0.0,0.0,0,22,4.500,4.491,4.1,0,0.0,0.0,0.0,0.0,0.0,0.0,100,0.0,0.0,4051,0.0,0.0,0.0,0.0,0.0,0.0,0.0,0.0,0.0,0.0,0.0,0.0,0.0,0.0,0.0,0.0,0.0,22,0,100.0,100.0,0.0,Off,Off,0.00,0.00,0.00,0.0,0.0
31.064,57,0,100,0.0,0.0,5.000,0.556,38.0,33.0,0,0.0,100,100,100.0,126,100,158,100,51,51,0,0.000,6.569,0.000,0.000,6.800,0.756,0.0,0.0,0,22,4.500,4.491,2.1,0,0.0,0.0,0.0,0.0,0.0,0.0,100,0.0,0.0,4053,0.0,0.0,0.0,0.0,0.0,0.0,0.0,0.0,0.0,0.0,0.0,0.0,0.0,0.0,0.0,0.0,0.0,22,0,100.0,100.0,0.0,Off,Off,0.00,0.00,0.00,0.0,0.0
31.132,57,0,99,0.0,0.0,5.000,0.556,38.0,33.0,0,0.0,100,100,100.0,126,100,158,100,51,51,0,0.000,6.569,0.000,0.000,6.800,0.756,0.0,0.0,0,22,4.500,4.491,2.1,0,-0.1,0.0,0.0,0.0,0.0,0.0,100,0.0,0.0,4053,0.0,0.0,0.0,0.0,0.0,0.0,0.0,0.0,0.0,0.0,0.0,0.0,0.0,0.0,0.0,0.0,0.0,22,0,99.0,99.0,0.0,Off,Off,0.00,0.00,0.00,0.0,0.0
31.197,57,0,100,0.0,0.0,5.000,0.556,38.0,33.0,0,0.0,100,100,100.0,126,100,158,100,51,51,0,0.000,6.569,0.000,0.000,6.800,0.756,0.0,0.0,0,22,4.500,4.491,2.1,0,0.0,0.0,0.0,0.0,0.0,0.0,100,0.0,0.0,4053,0.0,0.0,0.0,0.0,0.0,0.0,0.0,0.0,0.0,0.0,0.0,0.0,0.0,0.0,0.0,0.0,0.0,22,0,100.0,100.0,0.0,Off,Off,0.00,0.00,0.00,0.0,0.0
31.263,57,0,100,0.0,0.0,5.000,0.556,38.0,33.0,0,0.0,100,100,100.0,126,100,158,100,51,51,0,0.000,6.569,0.000,0.000,6.800,0.756,0.0,0.0,0,22,4.500,4.491,2.1,0,0.0,0.0,0.0,0.0,0.0,0.0,100,0.0,0.0,4053,0.0,0.0,0.0,0.0,0.0,0.0,0.0,0.0,0.0,0.0,0.0,0.0,0.0,0.0,0.0,0.0,0.0,22,0,100.0,100.0,0.0,Off,Off,0.00,0.00,0.00,0.0,0.0
31.331,57,0,100,0.0,0.0,5.000,0.556,38.0,33.0,0,0.0,100,100,100.0,126,100,158,100,51,51,0,0.000,6.569,0.000,0.000,6.800,0.756,0.0,0.0,0,22,4.500,4.491,1.1,0,0.0,0.0,0.0,0.0,0.0,0.0,100,0.0,0.0,4053,0.0,0.0,0.0,0.0,0.0,0.0,0.0,0.0,0.0,0.0,0.0,0.0,0.0,0.0,0.0,0.0,0.0,22,0,100.0,100.0,0.0,Off,Off,0.00,0.00,0.00,0.0,0.0
31.397,57,0,100,0.0,0.0,5.000,0.556,38.0,33.0,0,0.0,100,100,100.0,126,100,158,100,51,51,0,0.000,6.569,0.000,0.000,6.800,0.756,0.0,0.0,0,22,4.500,4.491,1.1,0,0.0,0.0,0.0,0.0,0.0,0.0,100,0.0,0.0,4053,0.0,0.0,0.0,0.0,0.0,0.0,0.0,0.0,0.0,0.0,0.0,0.0,0.0,0.0,0.0,0.0,0.0,22,0,100.0,100.0,0.0,Off,Off,0.00,0.00,0.00,0.0,0.0
31.463,57,0,100,0.0,0.0,5.000,0.556,38.0,33.0,0,0.0,100,100,100.0,126,100,158,100,51,51,0,0.000,6.569,0.000,0.000,6.800,0.756,0.0,0.0,0,22,4.500,4.491,1.1,0,0.0,0.0,0.0,0.0,0.0,0.0,100,0.0,0.0,4053,0.0,0.0,0.0,0.0,0.0,0.0,0.0,0.0,0.0,0.0,0.0,0.0,0.0,0.0,0.0,0.0,0.0,22,0,100.0,100.0,0.0,Off,Off,0.00,0.00,0.00,0.0,0.0
31.531,57,0,100,0.0,0.0,5.000,0.556,38.0,33.0,0,0.0,100,100,100.0,126,100,158,100,51,51,0,0.000,6.569,0.000,0.000,6.800,0.756,0.0,0.0,0,22,4.500,4.491,0.5,0,0.0,0.0,0.0,0.0,0.0,0.0,100,0.0,0.0,4053,0.0,0.0,0.0,0.0,0.0,0.0,0.0,0.0,0.0,0.0,0.0,0.0,0.0,0.0,0.0,0.0,0.0,22,0,100.0,100.0,0.0,Off,Off,0.00,0.00,0.00,0.0,0.0
31.599,57,0,100,0.0,0.0,5.000,0.556,38.0,33.0,0,0.0,100,100,100.0,126,100,158,100,51,51,0,0.000,6.569,0.000,0.000,6.800,0.756,0.0,0.0,0,22,4.500,4.491,0.5,0,0.0,0.0,0.0,0.0,0.0,0.0,100,0.0,0.0,4053,0.0,0.0,0.0,0.0,0.0,0.0,0.0,0.0,0.0,0.0,0.0,0.0,0.0,0.0,0.0,0.0,0.0,22,0,100.0,100.0,0.0,Off,Off,0.00,0.00,0.00,0.0,0.0
31.664,57,0,100,0.0,0.0,5.000,0.556,38.0,33.0,0,0.0,100,100,100.0,126,100,158,100,51,51,0,0.000,6.569,0.000,0.000,6.800,0.756,0.0,0.0,0,22,4.500,4.491,0.5,0,0.0,0.0,0.0,0.0,0.0,0.0,100,0.0,0.0,4053,0.0,0.0,0.0,0.0,0.0,0.0,0.0,0.0,0.0,0.0,0.0,0.0,0.0,0.0,0.0,0.0,0.0,22,0,100.0,100.0,0.0,Off,Off,0.00,0.00,0.00,0.0,0.0
31.730,57,0,100,0.0,0.0,5.000,0.556,38.0,33.0,0,0.0,100,100,100.0,126,100,158,100,51,51,0,0.000,6.569,0.000,0.000,6.800,0.756,0.0,0.0,0,22,4.500,4.491,0.5,0,0.0,0.0,0.0,0.0,0.0,0.0,100,0.0,0.0,4053,0.0,0.0,0.0,0.0,0.0,0.0,0.0,0.0,0.0,0.0,0.0,0.0,0.0,0.0,0.0,0.0,0.0,22,0,100.0,100.0,0.0,Off,Off,0.00,0.00,0.00,0.0,0.0
31.797,57,0,100,0.0,0.0,5.000,0.556,38.0,33.0,0,0.0,100,100,100.0,126,100,158,100,51,51,0,0.000,6.569,0.000,0.000,6.800,0.756,0.0,0.0,0,22,4.500,4.491,0.2,0,0.0,0.0,0.0,0.0,0.0,0.0,100,0.0,0.0,4053,0.0,0.0,0.0,0.0,0.0,0.0,0.0,0.0,0.0,0.0,0.0,0.0,0.0,0.0,0.0,0.0,0.0,22,0,100.0,100.0,0.0,Off,Off,0.00,0.00,0.00,0.0,0.0
31.861,57,0,100,0.0,0.0,5.000,0.556,38.0,33.0,0,0.0,100,100,100.0,126,100,158,100,51,51,0,0.000,6.569,0.000,0.000,6.800,0.756,0.0,0.0,0,22,4.500,4.491,0.2,0,0.0,0.0,0.0,0.0,0.0,0.0,100,0.0,0.0,4053,0.0,0.0,0.0,0.0,0.0,0.0,0.0,0.0,0.0,0.0,0.0,0.0,0.0,0.0,0.0,0.0,0.0,22,0,100.0,100.0,0.0,Off,Off,0.00,0.00,0.00,0.0,0.0
31.930,57,0,100,0.0,0.0,5.000,0.556,38.0,33.0,0,0.0,100,100,100.0,126,100,158,100,51,51,0,0.000,6.569,0.000,0.000,6.800,0.756,0.0,0.0,0,22,4.500,4.491,0.2,0,0.0,0.0,0.0,0.0,0.0,0.0,100,0.0,0.0,4053,0.0,0.0,0.0,0.0,0.0,0.0,0.0,0.0,0.0,0.0,0.0,0.0,0.0,0.0,0.0,0.0,0.0,22,0,100.0,100.0,0.0,Off,Off,0.00,0.00,0.00,0.0,0.0
31.999,57,0,100,0.0,0.0,5.000,0.556,38.0,33.0,0,0.0,100,100,100.0,126,100,158,100,51,51,0,0.000,6.569,0.000,0.000,6.800,0.756,0.0,0.0,0,22,4.500,4.491,0.2,0,0.0,0.0,0.0,0.0,0.0,0.0,100,0.0,0.0,4053,0.0,0.0,0.0,0.0,0.0,0.0,0.0,0.0,0.0,0.0,0.0,0.0,0.0,0.0,0.0,0.0,0.0,22,0,100.0,100.0,0.0,Off,Off,0.00,0.00,0.00,0.0,0.0
32.066,58,0,100,0.0,0.0,5.000,0.556,38.0,33.0,0,0.0,100,100,100.0,126,100,158,100,51,51,0,0.000,6.569,0.000,0.000,6.800,0.756,0.0,0.0,0,22,4.500,4.491,0.1,0,0.0,0.0,0.0,0.0,0.0,0.0,100,0.0,0.0,4081,0.0,0.0,0.0,0.0,0.0,0.0,0.0,0.0,0.0,0.0,0.0,0.0,0.0,0.0,0.0,0.0,0.0,22,0,100.0,100.0,0.0,Off,Off,0.00,0.00,0.00,0.0,0.0
32.134,58,0,100,0.0,0.0,5.000,0.556,38.0,33.0,0,0.0,100,100,100.0,126,100,158,100,51,51,0,0.000,6.569,0.000,0.000,6.800,0.756,0.0,0.0,0,22,4.500,4.491,0.1,0,0.0,0.0,0.0,0.0,0.0,0.0,100,0.0,0.0,4081,0.0,0.0,0.0,0.0,0.0,0.0,0.0,0.0,0.0,0.0,0.0,0.0,0.0,0.0,0.0,0.0,0.0,22,0,100.0,100.0,0.0,Off,Off,0.00,0.00,0.00,0.0,0.0
32.200,58,0,100,0.0,0.0,5.000,0.556,38.0,33.0,0,0.0,100,100,100.0,126,100,158,100,51,51,0,0.000,6.569,0.000,0.000,6.800,0.756,0.0,0.0,0,22,4.500,4.491,0.1,0,0.0,0.0,0.0,0.0,0.0,0.0,100,0.0,0.0,4081,0.0,0.0,0.0,0.0,0.0,0.0,0.0,0.0,0.0,0.0,0.0,0.0,0.0,0.0,0.0,0.0,0.0,22,0,100.0,100.0,0.0,Off,Off,0.00,0.00,0.00,0.0,0.0
32.267,58,0,100,0.0,0.0,5.000,0.556,38.0,33.0,0,0.0,100,100,100.0,126,100,158,100,51,51,0,0.000,6.569,0.000,0.000,6.800,0.756,0.0,0.0,0,22,4.500,4.491,0.1,0,0.0,0.0,0.0,0.0,0.0,0.0,100,0.0,0.0,4081,0.0,0.0,0.0,0.0,0.0,0.0,0.0,0.0,0.0,0.0,0.0,0.0,0.0,0.0,0.0,0.0,0.0,22,0,100.0,100.0,0.0,Off,Off,0.00,0.00,0.00,0.0,0.0
32.334,58,0,100,0.0,0.0,5.000,0.556,38.0,33.0,0,0.0,100,100,100.0,126,100,158,100,51,51,0,0.000,6.569,0.000,0.000,6.800,0.756,0.0,0.0,0,22,4.500,4.491,0.0,0,0.0,0.0,0.0,0.0,0.0,0.0,100,0.0,0.0,4081,0.0,0.0,0.0,0.0,0.0,0.0,0.0,0.0,0.0,0.0,0.0,0.0,0.0,0.0,0.0,0.0,0.0,22,0,100.0,100.0,0.0,Off,Off,0.00,0.00,0.00,0.0,0.0
32.397,58,0,100,0.0,0.0,5.000,0.556,38.0,33.0,0,0.0,100,100,100.0,126,100,158,100,51,51,0,0.000,6.569,0.000,0.000,6.800,0.756,0.0,0.0,0,22,4.500,4.491,0.0,0,0.0,0.0,0.0,0.0,0.0,0.0,100,0.0,0.0,4081,0.0,0.0,0.0,0.0,0.0,0.0,0.0,0.0,0.0,0.0,0.0,0.0,0.0,0.0,0.0,0.0,0.0,22,0,100.0,100.0,0.0,Off,Off,0.00,0.00,0.00,0.0,0.0
32.465,58,0,100,0.0,0.0,5.000,0.556,38.0,33.0,0,0.0,100,100,100.0,126,100,158,100,51,51,0,0.000,6.569,0.000,0.000,6.800,0.756,0.0,0.0,0,22,4.500,4.491,0.0,0,0.0,0.0,0.0,0.0,0.0,0.0,100,0.0,0.0,4081,0.0,0.0,0.0,0.0,0.0,0.0,0.0,0.0,0.0,0.0,0.0,0.0,0.0,0.0,0.0,0.0,0.0,22,0,100.0,100.0,0.0,Off,Off,0.00,0.00,0.00,0.0,0.0
32.532,58,0,100,0.0,0.0,5.000,0.556,38.0,33.0,0,0.0,100,100,100.0,126,100,158,100,51,51,0,0.000,6.569,0.000,0.000,6.800,0.756,0.0,0.0,0,22,4.500,4.491,0.0,0,0.0,0.0,0.0,0.0,0.0,0.0,100,0.0,0.0,4081,0.0,0.0,0.0,0.0,0.0,0.0,0.0,0.0,0.0,0.0,0.0,0.0,0.0,0.0,0.0,0.0,0.0,22,0,100.0,100.0,0.0,Off,Off,0.00,0.00,0.00,0.0,0.0
32.599,58,0,100,0.0,0.0,5.000,0.556,38.0,33.0,0,0.0,100,100,100.0,126,100,158,100,51,51,0,0.000,6.569,0.000,0.000,6.800,0.756,0.0,0.0,0,22,4.500,4.491,0.0,0,0.0,0.0,0.0,0.0,0.0,0.0,100,0.0,0.0,4081,0.0,0.0,0.0,0.0,0.0,0.0,0.0,0.0,0.0,0.0,0.0,0.0,0.0,0.0,0.0,0.0,0.0,22,0,100.0,100.0,0.0,Off,Off,0.00,0.00,0.00,0.0,0.0
32.667,58,0,100,0.0,0.0,5.000,0.556,38.0,33.0,0,0.0,100,100,100.0,126,100,158,100,51,51,0,0.000,6.569,0.000,0.000,6.800,0.756,0.0,0.0,0,22,4.500,4.491,0.0,0,0.0,0.0,0.0,0.0,0.0,0.0,100,0.0,0.0,4081,0.0,0.0,0.0,0.0,0.0,0.0,0.0,0.0,0.0,0.0,0.0,0.0,0.0,0.0,0.0,0.0,0.0,22,0,100.0,100.0,0.0,Off,Off,0.00,0.00,0.00,0.0,0.0
32.730,58,0,100,0.0,0.0,5.000,0.556,38.0,33.0,0,0.0,100,100,100.0,126,100,158,100,51,51,0,0.000,6.569,0.000,0.000,6.800,0.756,0.0,0.0,0,22,4.500,4.491,0.0,0,0.0,0.0,0.0,0.0,0.0,0.0,100,0.0,0.0,4081,0.0,0.0,0.0,0.0,0.0,0.0,0.0,0.0,0.0,0.0,0.0,0.0,0.0,0.0,0.0,0.0,0.0,22,0,100.0,100.0,0.0,Off,Off,0.00,0.00,0.00,0.0,0.0
32.797,58,0,100,0.0,0.0,5.000,0.556,38.0,33.0,0,0.0,100,100,100.0,126,100,158,100,51,51,0,0.000,6.569,0.000,0.000,6.800,0.756,0.0,0.0,0,22,4.500,4.491,0.0,0,0.0,0.0,0.0,0.0,0.0,0.0,100,0.0,0.0,4081,0.0,0.0,0.0,0.0,0.0,0.0,0.0,0.0,0.0,0.0,0.0,0.0,0.0,0.0,0.0,0.0,0.0,22,0,100.0,100.0,0.0,Off,Off,0.00,0.00,0.00,0.0,0.0
32.865,58,0,100,0.0,0.0,5.000,0.556,38.0,33.0,0,0.0,100,100,100.0,126,100,158,100,51,51,0,0.000,6.569,0.000,0.000,6.800,0.756,0.0,0.0,0,22,4.500,4.491,0.0,0,0.0,0.0,0.0,0.0,0.0,0.0,100,0.0,0.0,4081,0.0,0.0,0.0,0.0,0.0,0.0,0.0,0.0,0.0,0.0,0.0,0.0,0.0,0.0,0.0,0.0,0.0,22,0,100.0,100.0,0.0,Off,Off,0.00,0.00,0.00,0.0,0.0
32.933,58,0,100,0.0,0.0,5.000,0.556,38.0,33.0,0,0.0,100,100,100.0,126,100,158,100,51,51,0,0.000,6.569,0.000,0.000,6.800,0.756,0.0,0.0,0,22,4.500,4.491,0.0,0,0.0,0.0,0.0,0.0,0.0,0.0,100,0.0,0.0,4081,0.0,0.0,0.0,0.0,0.0,0.0,0.0,0.0,0.0,0.0,0.0,0.0,0.0,0.0,0.0,0.0,0.0,22,0,100.0,100.0,0.0,Off,Off,0.00,0.00,0.00,0.0,0.0
32.997,58,0,100,0.0,0.0,5.000,0.556,38.0,33.0,0,0.0,100,100,100.0,126,100,158,100,51,51,0,0.000,6.569,0.000,0.000,6.800,0.756,0.0,0.0,0,22,4.500,4.491,0.0,0,0.0,0.0,0.0,0.0,0.0,0.0,100,0.0,0.0,4081,0.0,0.0,0.0,0.0,0.0,0.0,0.0,0.0,0.0,0.0,0.0,0.0,0.0,0.0,0.0,0.0,0.0,22,0,100.0,100.0,0.0,Off,Off,0.00,0.00,0.00,0.0,0.0
33.065,58,0,100,0.0,0.0,5.000,0.556,38.0,33.0,0,0.0,100,100,100.0,126,100,158,100,51,51,0,0.000,6.569,0.000,0.000,6.800,0.756,0.0,0.0,0,22,4.500,4.491,0.0,0,0.0,0.0,0.0,0.0,0.0,0.0,100,0.0,0.0,4081,0.0,0.0,0.0,0.0,0.0,0.0,0.0,0.0,0.0,0.0,0.0,0.0,0.0,0.0,0.0,0.0,0.0,22,0,100.0,100.0,0.0,Off,Off,0.00,0.00,0.00,0.0,0.0
33.132,59,0,100,0.0,0.0,5.000,0.556,38.0,33.0,0,0.0,100,100,100.0,126,100,158,100,51,51,0,0.000,6.569,0.000,0.000,6.800,0.756,0.0,0.0,0,22,4.500,4.491,0.0,0,0.1,0.0,0.0,0.0,0.0,0.0,99,0.0,0.0,4064,0.0,0.0,0.0,0.0,0.0,0.0,0.0,0.0,0.0,0.0,0.0,0.0,0.0,0.0,0.0,0.0,0.0,22,0,100.0,100.0,0.0,Off,Off,0.00,0.00,0.00,0.0,0.0
33.199,59,0,100,0.0,0.0,5.000,0.556,38.0,33.0,0,0.0,100,100,100.0,126,100,158,100,51,51,0,0.000,6.569,0.000,0.000,6.800,0.756,0.0,0.0,0,22,4.500,4.491,0.0,0,0.1,0.0,0.0,0.0,0.0,0.0,99,0.0,0.0,4064,0.0,0.0,0.0,0.0,0.0,0.0,0.0,0.0,0.0,0.0,0.0,0.0,0.0,0.0,0.0,0.0,0.0,22,0,100.0,100.0,0.0,Off,Off,0.00,0.00,0.00,0.0,0.0
33.265,59,0,100,0.0,0.0,5.000,0.556,38.0,33.0,0,0.0,100,100,100.0,126,100,158,100,51,51,0,0.000,6.569,0.000,0.000,6.800,0.756,0.0,0.0,0,22,4.500,4.491,0.0,0,0.1,0.0,0.0,0.0,0.0,0.0,99,0.0,0.0,4064,0.0,0.0,0.0,0.0,0.0,0.0,0.0,0.0,0.0,0.0,0.0,0.0,0.0,0.0,0.0,0.0,0.0,22,0,100.0,100.0,0.0,Off,Off,0.00,0.00,0.00,0.0,0.0
33.333,59,0,99,0.0,0.0,5.000,0.556,38.0,33.0,0,0.0,100,100,100.0,126,100,158,100,51,51,0,0.000,6.569,0.000,0.000,6.800,0.756,0.0,0.0,0,22,4.500,4.491,0.0,0,0.0,0.0,0.0,0.0,0.0,0.0,99,0.0,0.0,4064,0.0,0.0,0.0,0.0,0.0,0.0,0.0,0.0,0.0,0.0,0.0,0.0,0.0,0.0,0.0,0.0,0.0,22,0,99.0,99.0,0.0,Off,Off,0.00,0.00,0.00,0.0,0.0
33.397,59,0,100,0.0,0.0,5.000,0.556,38.0,33.0,0,0.0,100,100,100.0,126,100,158,100,51,51,0,0.000,6.569,0.000,0.000,6.800,0.756,0.0,0.0,0,22,4.500,4.491,0.0,0,0.1,0.0,0.0,0.0,0.0,0.0,99,0.0,0.0,4064,0.0,0.0,0.0,0.0,0.0,0.0,0.0,0.0,0.0,0.0,0.0,0.0,0.0,0.0,0.0,0.0,0.0,22,0,100.0,100.0,0.0,Off,Off,0.00,0.00,0.00,0.0,0.0
33.465,59,0,100,0.0,0.0,5.000,0.556,38.0,33.0,0,0.0,100,100,100.0,126,100,158,100,51,51,0,0.000,6.569,0.000,0.000,6.800,0.756,0.0,0.0,0,22,4.500,4.491,0.0,0,0.1,0.0,0.0,0.0,0.0,0.0,99,0.0,0.0,4064,0.0,0.0,0.0,0.0,0.0,0.0,0.0,0.0,0.0,0.0,0.0,0.0,0.0,0.0,0.0,0.0,0.0,22,0,100.0,100.0,0.0,Off,Off,0.00,0.00,0.00,0.0,0.0
33.532,59,0,100,0.0,0.0,5.000,0.556,38.0,33.0,0,0.0,100,100,100.0,126,100,158,100,51,51,0,0.000,6.569,0.000,0.000,6.800,0.756,0.0,0.0,0,22,4.500,4.491,0.0,0,0.1,0.0,0.0,0.0,0.0,0.0,99,0.0,0.0,4064,0.0,0.0,0.0,0.0,0.0,0.0,0.0,0.0,0.0,0.0,0.0,0.0,0.0,0.0,0.0,0.0,0.0,22,0,100.0,100.0,0.0,Off,Off,0.00,0.00,0.00,0.0,0.0
33.600,59,0,100,0.0,0.0,5.000,0.556,38.0,33.0,0,0.0,100,100,100.0,126,100,158,100,51,51,0,0.000,6.569,0.000,0.000,6.800,0.756,0.0,0.0,0,22,4.500,4.491,0.0,0,0.1,0.0,0.0,0.0,0.0,0.0,99,0.0,0.0,4064,0.0,0.0,0.0,0.0,0.0,0.0,0.0,0.0,0.0,0.0,0.0,0.0,0.0,0.0,0.0,0.0,0.0,22,0,100.0,100.0,0.0,Off,Off,0.00,0.00,0.00,0.0,0.0
33.664,59,0,100,0.0,0.0,5.000,0.556,38.0,33.0,0,0.0,100,100,100.0,126,100,158,100,51,51,0,0.000,6.569,0.000,0.000,6.800,0.756,0.0,0.0,0,22,4.500,4.491,0.0,0,0.1,0.0,0.0,0.0,0.0,0.0,99,0.0,0.0,4064,0.0,0.0,0.0,0.0,0.0,0.0,0.0,0.0,0.0,0.0,0.0,0.0,0.0,0.0,0.0,0.0,0.0,22,0,100.0,100.0,0.0,Off,Off,0.00,0.00,0.00,0.0,0.0
33.731,59,0,100,0.0,0.0,5.000,0.556,38.0,33.0,0,0.0,100,100,100.0,126,100,158,100,51,51,0,0.000,6.569,0.000,0.000,6.800,0.756,0.0,0.0,0,22,4.500,4.491,0.0,0,0.1,0.0,0.0,0.0,0.0,0.0,99,0.0,0.0,4064,0.0,0.0,0.0,0.0,0.0,0.0,0.0,0.0,0.0,0.0,0.0,0.0,0.0,0.0,0.0,0.0,0.0,22,0,100.0,100.0,0.0,Off,Off,0.00,0.00,0.00,0.0,0.0
33.797,59,0,100,0.0,0.0,5.000,0.556,38.0,33.0,0,0.0,100,100,100.0,126,100,158,100,51,51,0,0.000,6.569,0.000,0.000,6.800,0.756,0.0,0.0,0,22,4.500,4.491,0.0,0,0.1,0.0,0.0,0.0,0.0,0.0,99,0.0,0.0,4064,0.0,0.0,0.0,0.0,0.0,0.0,0.0,0.0,0.0,0.0,0.0,0.0,0.0,0.0,0.0,0.0,0.0,22,0,100.0,100.0,0.0,Off,Off,0.00,0.00,0.00,0.0,0.0
33.865,59,0,100,0.0,0.0,5.000,0.556,38.0,33.0,0,0.0,100,100,100.0,126,100,158,100,51,51,0,0.000,6.569,0.000,0.000,6.800,0.756,0.0,0.0,0,22,4.500,4.491,0.0,0,0.1,0.0,0.0,0.0,0.0,0.0,99,0.0,0.0,4064,0.0,0.0,0.0,0.0,0.0,0.0,0.0,0.0,0.0,0.0,0.0,0.0,0.0,0.0,0.0,0.0,0.0,22,0,100.0,100.0,0.0,Off,Off,0.00,0.00,0.00,0.0,0.0
33.932,59,0,100,0.0,0.0,5.000,0.556,38.0,33.0,0,0.0,100,100,100.0,126,100,158,100,51,51,0,0.000,6.569,0.000,0.000,6.800,0.756,0.0,0.0,0,22,4.500,4.491,0.0,0,0.1,0.0,0.0,0.0,0.0,0.0,99,0.0,0.0,4064,0.0,0.0,0.0,0.0,0.0,0.0,0.0,0.0,0.0,0.0,0.0,0.0,0.0,0.0,0.0,0.0,0.0,22,0,100.0,100.0,0.0,Off,Off,0.00,0.00,0.00,0.0,0.0
33.995,59,0,100,0.0,0.0,5.000,0.556,38.0,33.0,0,0.0,100,100,100.0,126,100,158,100,51,51,0,0.000,6.569,0.000,0.000,6.800,0.756,0.0,0.0,0,22,4.500,4.491,0.0,0,0.1,0.0,0.0,0.0,0.0,0.0,99,0.0,0.0,4064,0.0,0.0,0.0,0.0,0.0,0.0,0.0,0.0,0.0,0.0,0.0,0.0,0.0,0.0,0.0,0.0,0.0,22,0,100.0,100.0,0.0,Off,Off,0.00,0.00,0.00,0.0,0.0
